{
    "name": "root",
    "gauges": {
        "TouchCubeMoveGail.Policy.Entropy.mean": {
            "value": 1.0407073497772217,
            "min": 1.0407073497772217,
            "max": 8.787883758544922,
            "count": 500
        },
        "TouchCubeMoveGail.Environment.EpisodeLength.mean": {
            "value": 15.969089390142022,
            "min": 10.945303210463734,
            "max": 61.438709677419354,
            "count": 500
        },
        "TouchCubeMoveGail.Policy.ExtrinsicValueEstimate.mean": {
            "value": 2.4264464378356934,
            "min": -0.9780909419059753,
            "max": 4.132148265838623,
            "count": 500
        },
        "TouchCubeMoveGail.Policy.GailValueEstimate.mean": {
            "value": 9.181222915649414,
            "min": 0.42488208413124084,
            "max": 10.811540603637695,
            "count": 500
        },
        "TouchCubeMoveGail.Environment.CumulativeReward.mean": {
            "value": 2.3868906467704845,
            "min": -1.1921670092917815,
            "max": 4.398815924546707,
            "count": 500
        },
        "TouchCubeMoveGail.Policy.ExtrinsicReward.mean": {
            "value": 2.3868906467704845,
            "min": -1.1921670092917815,
            "max": 4.398815924546707,
            "count": 500
        },
        "TouchCubeMoveGail.Policy.GailReward.mean": {
            "value": 0.8904709510592793,
            "min": 0.3915766021379859,
            "max": 7.223371969740237,
            "count": 500
        },
        "TouchCubeMoveGail.Losses.PolicyLoss.mean": {
            "value": 0.025764017730640867,
            "min": 0.015630794626971086,
            "max": 0.03300449242815375,
            "count": 500
        },
        "TouchCubeMoveGail.Losses.ValueLoss.mean": {
            "value": 0.9615910122791926,
            "min": 0.12539896530409655,
            "max": 1.2732157746950785,
            "count": 500
        },
        "TouchCubeMoveGail.Policy.LearningRate.mean": {
            "value": 4.232198589600102e-07,
            "min": 4.232198589600102e-07,
            "max": 0.0002996915101028299,
            "count": 500
        },
        "TouchCubeMoveGail.Policy.Epsilon.mean": {
            "value": 0.10014104000000001,
            "min": 0.10014104000000001,
            "max": 0.19989716999999996,
            "count": 500
        },
        "TouchCubeMoveGail.Policy.Beta.mean": {
            "value": 1.703789600000017e-05,
            "min": 1.703789600000017e-05,
            "max": 0.004994868783000001,
            "count": 500
        },
        "TouchCubeMoveGail.Policy.GAILPolicyEstimate.mean": {
            "value": 0.17720613727966944,
            "min": 0.11777221634984017,
            "max": 0.4893728345632553,
            "count": 500
        },
        "TouchCubeMoveGail.Policy.GAILExpertEstimate.mean": {
            "value": 0.8527859330177308,
            "min": 0.5037657370169958,
            "max": 0.9039335678021113,
            "count": 500
        },
        "TouchCubeMoveGail.Losses.GAILLoss.mean": {
            "value": 0.42404555579026537,
            "min": 0.27482837885618205,
            "max": 1.3595450480779012,
            "count": 500
        },
        "TouchCubeMoveGail.Policy.GAILGradMagLoss.mean": {
            "value": 0.042870534211397165,
            "min": 0.0320508297222356,
            "max": 9.052627722422281,
            "count": 500
        },
        "TouchCubeMoveGail.Losses.PretrainingLoss.mean": {
            "value": 0.17660197615623474,
            "min": 0.17660197615623474,
            "max": 1.0930650631586711,
            "count": 500
        },
        "TouchCubeMoveGail.IsTraining.mean": {
            "value": 1.0,
            "min": 1.0,
            "max": 1.0,
            "count": 500
        }
    },
    "metadata": {
        "timer_format_version": "0.1.0",
        "start_time_seconds": "1615456360",
        "python_version": "3.7.9 (tags/v3.7.9:13c94747c7, Aug 17 2020, 18:58:18) [MSC v.1900 64 bit (AMD64)]",
        "command_line_arguments": "C:\\Users\\ahrPo\\AppData\\Local\\Programs\\Python\\Python37\\Scripts\\mlagents-learn Config\\gail.yaml --run-id=move_2",
        "mlagents_version": "0.23.0",
        "mlagents_envs_version": "0.23.0",
        "communication_protocol_version": "1.3.0",
        "pytorch_version": "1.7.1+cu110",
        "numpy_version": "1.18.5",
        "end_time_seconds": "1615753476"
    },
    "total": 297136.3893419,
    "count": 1,
    "self": 0.04664640000555664,
    "children": {
        "run_training.setup": {
            "total": 0.009059799999999951,
            "count": 1,
            "self": 0.009059799999999951
        },
        "TrainerController.start_learning": {
            "total": 297136.3336357,
            "count": 1,
            "self": 20.87863028619904,
            "children": {
                "TrainerController._reset_env": {
                    "total": 37.4518764,
                    "count": 1,
                    "self": 36.9752303,
                    "children": {
                        "demo_to_buffer": {
                            "total": 0.4766461000000035,
                            "count": 2,
                            "self": 0.0009031999999962181,
                            "children": {
                                "load_demonstration": {
                                    "total": 0.005332299999999179,
                                    "count": 2,
                                    "self": 0.005063999999997293,
                                    "children": {
                                        "read_file": {
                                            "total": 0.0002683000000018865,
                                            "count": 2,
                                            "self": 0.0002683000000018865
                                        }
                                    }
                                },
                                "make_demo_buffer": {
                                    "total": 0.4704106000000081,
                                    "count": 2,
                                    "self": 0.09444300000025407,
                                    "children": {
                                        "steps_from_proto": {
                                            "total": 0.37596759999975404,
                                            "count": 1640,
                                            "self": 0.2023359999996046,
                                            "children": {
                                                "_process_vector_observation": {
                                                    "total": 0.17363160000014943,
                                                    "count": 6560,
                                                    "self": 0.17363160000014943
                                                }
                                            }
                                        }
                                    }
                                }
                            }
                        }
                    }
                },
                "TrainerController.advance": {
                    "total": 297077.7252424138,
                    "count": 693124,
                    "self": 11.29631772293942,
                    "children": {
                        "env_step": {
                            "total": 297066.4289246909,
                            "count": 693124,
                            "self": 216150.1755819004,
                            "children": {
                                "SubprocessEnvManager._take_step": {
                                    "total": 80904.89253270064,
                                    "count": 693124,
                                    "self": 24.625509603181854,