{
    "name": "root",
    "metadata": {
        "timer_format_version": "0.1.0",
        "start_time_seconds": "1622494478",
        "python_version": "3.7.9 (tags/v3.7.9:13c94747c7, Aug 17 2020, 18:58:18) [MSC v.1900 64 bit (AMD64)]",
        "command_line_arguments": "C:\\Users\\ahrPo\\AppData\\Local\\Programs\\Python\\Python37\\Scripts\\mlagents-learn EntornoCarro.yaml --run-id intentoCilindro --force",
        "mlagents_version": "0.23.0",
        "mlagents_envs_version": "0.23.0",
        "communication_protocol_version": "1.3.0",
        "pytorch_version": "1.7.1+cu110",
        "numpy_version": "1.19.5",
        "end_time_seconds": "1622494491"
    },
    "total": 12.224620700000001,
    "count": 1,
    "self": 0.012704600000001065,
    "children": {
        "run_training.setup": {
            "total": 0.009502799999999922,
            "count": 1,
            "self": 0.009502799999999922
        },
        "TrainerController.start_learning": {
            "total": 12.2024133,
            "count": 1,
            "self": 0.00020989999999976305,
            "children": {
                "TrainerController._reset_env": {
                    "total": 12.2002952,
                    "count": 1,
                    "self": 12.2001234,
                    "children": {
                        "demo_to_buffer": {
                            "total": 0.00017179999999861195,
                            "count": 1,
                            "self": 2.2099999998914654e-05,
                            "children": {
                                "load_demonstration": {
                                    "total": 0.0001496999999996973,
                                    "count": 1,
                                    "self": 0.0001496999999996973
                                }
                            }
                        }
                    }
                },
                "TrainerController._save_models": {
                    "total": 0.0019082000000008037,
                    "count": 1,
                    "self": 0.00047900000000034026,
                    "children": {
                        "RLTrainer._checkpoint": {
                            "total": 0.0014292000000004634,
                            "count": 1,
                            "self": 0.0014292000000004634
                        }
                    }
                }
            }
        }
    }
}