{"count":1,"self":11147.0166016,"total":21085.1129949,"children":{"InitializeActuators":{"count":60,"self":0.0015015999999999999,"total":0.0015015999999999999,"children":null},"InitializeSensors":{"count":60,"self":0.006006,"total":0.006006,"children":null},"AgentSendState":{"count":3460527,"self":60.758643199999995,"total":1503.9219431,"children":{"UpdateModelSpacePoses":{"count":10381620,"self":76.0207168,"total":76.0207181,"children":null},"CollectObservations":{"count":10381620,"self":983.8500864,"total":983.8500573,"children":null},"WriteActionMask":{"count":10381620,"self":9.3202528,"total":9.3202524999999987,"children":null},"RequestDecision":{"count":10381620,"self":26.7941248,"total":373.97227319999996,"children":{"AgentInfo.ToProto":{"count":10381620,"self":25.3956496,"total":347.1781476,"children":{"GenerateSensorData":{"count":10381620,"self":321.7825024,"total":321.7824979,"children":null}}}}}}},"DecideAction":{"count":3460527,"self":6369.9509247999995,"total":6369.9509084,"children":null},"AgentAct":{"count":3460527,"self":2009.9414015999998,"total":2064.2029051,"children":{"UpdateModelSpacePoses":{"count":886332,"self":8.8736704,"total":8.8736701,"children":null},"AgentInfo.ToProto":{"count":886332,"self":4.3433496,"total":45.387828999999996,"children":{"GenerateSensorData":{"count":886332,"self":41.04448,"total":41.0444795,"children":null}}}}}},"gauges":{"TouchCubeMoveGail.CumulativeReward":{"count":886332,"max":6.8779974,"min":-2.99804664,"runningAverage":5.88423872,"value":-1.085,"weightedAverage":4.590871}},"metadata":{"timer_format_version":"0.1.0","start_time_seconds":"1642846241","unity_version":"2020.2.3f1","command_line_arguments":"C:\\Program Files\\Unity\\Hub\\Editor\\2020.2.3f1\\Editor\\Unity.exe -projectpath C:\/Users\/ahrPo\/Documents\/GitHub\/UDAI-rl\/ArmRobot -useHub -hubIPC -cloudEnvironment production -hubSessionId dbd8cdc0-7b58-11ec-9f68-83870f87a038","communication_protocol_version":"1.5.0","com.unity.ml-agents_version":"2.1.0-exp.1","scene_name":"RobotMover","end_time_seconds":"1642867324"}}