{
    "name": "root",
    "gauges": {
        "TouchCubeMoveGail.Policy.Entropy.mean": {
            "value": 2.4728403091430664,
            "min": 2.4728403091430664,
            "max": 4.455904483795166,
            "count": 519
        },
        "TouchCubeMoveGail.Policy.Entropy.sum": {
            "value": 49407.3515625,
            "min": 8368.224609375,
            "max": 88761.6171875,
            "count": 519
        },
        "TouchCubeMoveGail.Environment.EpisodeLength.mean": {
            "value": 8.375527426160337,
            "min": 5.819047619047619,
            "max": 20.78649237472767,
            "count": 519
        },
        "TouchCubeMoveGail.Environment.EpisodeLength.sum": {
            "value": 17865.0,
            "min": 1222.0,
            "max": 19178.0,
            "count": 519
        },
        "TouchCubeMoveGail.Step.mean": {
            "value": 11819996.0,
            "min": 1459994.0,
            "max": 11819996.0,
            "count": 519
        },
        "TouchCubeMoveGail.Step.sum": {
            "value": 11819996.0,
            "min": 1459994.0,
            "max": 11819996.0,
            "count": 519
        },
        "TouchCubeMoveGail.Policy.ExtrinsicValueEstimate.mean": {
            "value": 5.635590076446533,
            "min": -0.5481372475624084,
            "max": 5.635590076446533,
            "count": 519
        },
        "TouchCubeMoveGail.Policy.ExtrinsicValueEstimate.sum": {
            "value": 12020.7138671875,
            "min": -114.56068420410156,
            "max": 12032.748046875,
            "count": 519
        },
        "TouchCubeMoveGail.Environment.CumulativeReward.mean": {
            "value": 6.738805375521696,
            "min": -0.2267514912135293,
            "max": 6.7623748021953665,
            "count": 519
        },
        "TouchCubeMoveGail.Environment.CumulativeReward.sum": {
            "value": 14373.871865987778,
            "min": -47.391061663627625,
            "max": 14384.758880972862,
            "count": 519
        },
        "TouchCubeMoveGail.Policy.ExtrinsicReward.mean": {
            "value": 6.738805375521696,
            "min": -0.2267514912135293,
            "max": 6.7623748021953665,
            "count": 519
        },
        "TouchCubeMoveGail.Policy.ExtrinsicReward.sum": {
            "value": 14373.871865987778,
            "min": -47.391061663627625,
            "max": 14384.758880972862,
            "count": 519
        },
        "TouchCubeMoveGail.Environment.LessonNumber.randomBox.mean": {
            "value": 0.0,
            "min": 0.0,
            "max": 0.0,
            "count": 519
        },
        "TouchCubeMoveGail.Environment.LessonNumber.randomBox.sum": {
            "value": 0.0,
            "min": 0.0,
            "max": 0.0,
            "count": 519
        },
        "TouchCubeMoveGail.Environment.LessonNumber.randomCube.mean": {
            "value": 0.0,
            "min": 0.0,
            "max": 0.0,
            "count": 519
        },
        "TouchCubeMoveGail.Environment.LessonNumber.randomCube.sum": {
            "value": 0.0,
            "min": 0.0,
            "max": 0.0,
            "count": 519
        },
        "TouchCubeMoveGail.Environment.LessonNumber.grabBoxCurriculum.mean": {
            "value": 0.0,
            "min": 0.0,
            "max": 0.0,
            "count": 519
        },
        "TouchCubeMoveGail.Environment.LessonNumber.grabBoxCurriculum.sum": {
            "value": 0.0,
            "min": 0.0,
            "max": 0.0,
            "count": 519
        },
        "TouchCubeMoveGail.Environment.LessonNumber.rewardGrip.mean": {
            "value": 0.0,
            "min": 0.0,
            "max": 0.0,
            "count": 519
        },
        "TouchCubeMoveGail.Environment.LessonNumber.rewardGrip.sum": {
            "value": 0.0,
            "min": 0.0,
            "max": 0.0,
            "count": 519
        },
        "TouchCubeMoveGail.Environment.LessonNumber.rewardReleaseInArea.mean": {
            "value": 0.0,
            "min": 0.0,
            "max": 0.0,
            "count": 519
        },
        "TouchCubeMoveGail.Environment.LessonNumber.rewardReleaseInArea.sum": {
            "value": 0.0,
            "min": 0.0,
            "max": 0.0,
            "count": 519
        },
        "TouchCubeMoveGail.Environment.LessonNumber.rewardFinish.mean": {
            "value": 0.0,
            "min": 0.0,
            "max": 0.0,
            "count": 519
        },
        "TouchCubeMoveGail.Environment.LessonNumber.rewardFinish.sum": {
            "value": 0.0,
            "min": 0.0,
            "max": 0.0,
            "count": 519
        },
        "TouchCubeMoveGail.Environment.LessonNumber.rewardCubeKnockedOff.mean": {
            "value": 0.0,
            "min": 0.0,
            "max": 0.0,
            "count": 519
        },
        "TouchCubeMoveGail.Environment.LessonNumber.rewardCubeKnockedOff.sum": {
            "value": 0.0,
            "min": 0.0,
            "max": 0.0,
            "count": 519
        },
        "TouchCubeMoveGail.Environment.LessonNumber.rewardCubeReleased.mean": {
            "value": 0.0,
            "min": 0.0,
            "max": 0.0,
            "count": 519
        },
        "TouchCubeMoveGail.Environment.LessonNumber.rewardCubeReleased.sum": {
            "value": 0.0,
            "min": 0.0,
            "max": 0.0,
            "count": 519
        },
        "TouchCubeMoveGail.Environment.LessonNumber.rewardTime.mean": {
            "value": 0.0,
            "min": 0.0,
            "max": 0.0,
            "count": 519
        },
        "TouchCubeMoveGail.Environment.LessonNumber.rewardTime.sum": {
            "value": 0.0,
            "min": 0.0,
            "max": 0.0,
            "count": 519
        },
        "TouchCubeMoveGail.Environment.LessonNumber.curriculumGrip.mean": {
            "value": 0.0,
            "min": 0.0,
            "max": 0.0,
            "count": 519
        },
        "TouchCubeMoveGail.Environment.LessonNumber.curriculumGrip.sum": {
            "value": 0.0,
            "min": 0.0,
            "max": 0.0,
            "count": 519
        },
        "TouchCubeMoveGail.Environment.LessonNumber.rotation.mean": {
            "value": 0.0,
            "min": 0.0,
            "max": 0.0,
            "count": 519
        },
        "TouchCubeMoveGail.Environment.LessonNumber.rotation.sum": {
            "value": 0.0,
            "min": 0.0,
            "max": 0.0,
            "count": 519
        },
        "TouchCubeMoveGail.IsTraining.mean": {
            "value": 1.0,
            "min": 1.0,
            "max": 1.0,
            "count": 519
        },
        "TouchCubeMoveGail.IsTraining.sum": {
            "value": 1.0,
            "min": 1.0,
            "max": 1.0,
            "count": 519
        },
        "TouchCubeMoveGail.Losses.PolicyLoss.mean": {
            "value": 0.025197120173834263,
            "min": 0.017016714438796043,
            "max": 0.030583534071532387,
            "count": 518
        },
        "TouchCubeMoveGail.Losses.PolicyLoss.sum": {
            "value": 0.050394240347668526,
            "min": 0.019009194010868667,
            "max": 0.06116706814306477,
            "count": 518
        },
        "TouchCubeMoveGail.Losses.ValueLoss.mean": {
            "value": 0.18264534547924996,
            "min": 0.1379215815414985,
            "max": 5.010630377133687,
            "count": 518
        },
        "TouchCubeMoveGail.Losses.ValueLoss.sum": {
            "value": 0.3652906909584999,
            "min": 0.18178285335501035,
            "max": 10.021260754267374,
            "count": 518
        },
        "TouchCubeMoveGail.Policy.LearningRate.mean": {
            "value": 0.00010644352871130996,
            "min": 0.00010644352871130996,
            "max": 0.0004508684264929833,
            "count": 518
        },