{
    "name": "root",
    "gauges": {
        "AgenteCarro.Policy.Entropy.mean": {
            "value": 0.05182145908474922,
            "min": 0.05182145908474922,
            "max": 0.057400427758693695,
            "count": 3
        },
        "AgenteCarro.Policy.ExtrinsicValueEstimate.mean": {
            "value": 2.1985690593719482,
            "min": 2.1985690593719482,
            "max": 2.6116943359375,
            "count": 3
        },
        "AgenteCarro.Environment.EpisodeLength.mean": {
            "value": 169.6638655462185,
            "min": 95.54545454545455,
            "max": 169.6638655462185,
            "count": 3
        },
        "AgenteCarro.Environment.CumulativeReward.mean": {
            "value": 1.4870251729896589,
            "min": 1.3650353689373067,
            "max": 4.523363690484654,
            "count": 3
        },
        "AgenteCarro.Policy.ExtrinsicReward.mean": {
            "value": 1.4870251729896589,
            "min": 1.3650353689373067,
            "max": 4.523363690484654,
            "count": 3
        },
        "AgenteCarro.IsTraining.mean": {
            "value": 1.0,
            "min": 1.0,
            "max": 1.0,
            "count": 3
        },
        "AgenteCarro.Losses.PolicyLoss.mean": {
            "value": 0.02117587838632365,
            "min": 0.02117587838632365,
            "max": 0.02627938281899939,
            "count": 2
        },
        "AgenteCarro.Losses.ValueLoss.mean": {
            "value": 0.07166032834599415,
            "min": 0.048450623018046216,
            "max": 0.07166032834599415,
            "count": 2
        },
        "AgenteCarro.Policy.LearningRate.mean": {
            "value": 0.0004386865122626999,
            "min": 0.0004386865122626999,
            "max": 0.00043920231215953994,
            "count": 2
        },
        "AgenteCarro.Policy.Epsilon.mean": {
            "value": 0.45094920000000005,
            "min": 0.45094920000000005,
            "max": 0.45136184000000007,
            "count": 2
        },
        "AgenteCarro.Policy.Beta.mean": {
            "value": 0.00438809127,
            "min": 0.00438809127,
            "max": 0.0043932389539999995,
            "count": 2
        }
    },
    "metadata": {
        "timer_format_version": "0.1.0",
        "start_time_seconds": "1622535217",
        "python_version": "3.7.9 (tags/v3.7.9:13c94747c7, Aug 17 2020, 18:58:18) [MSC v.1900 64 bit (AMD64)]",
        "command_line_arguments": "C:\\Users\\ahrPo\\AppData\\Local\\Programs\\Python\\Python37\\Scripts\\mlagents-learn EntornoCarro.yaml --run-id=prueba --resume",
        "mlagents_version": "0.23.0",
        "mlagents_envs_version": "0.23.0",
        "communication_protocol_version": "1.3.0",
        "pytorch_version": "1.7.1+cu110",
        "numpy_version": "1.19.5",
        "end_time_seconds": "1622535317"
    },
    "total": 100.4950715,
    "count": 1,
    "self": 0.008387200000001371,
    "children": {
        "run_training.setup": {
            "total": 0.01150360000000017,
            "count": 1,
            "self": 0.01150360000000017
        },
        "TrainerController.start_learning": {
            "total": 100.4751807,
            "count": 1,
            "self": 0.04842469999977084,
            "children": {
                "TrainerController._reset_env": {
                    "total": 11.3979425,
                    "count": 1,
                    "self": 11.3979425
                },
                "TrainerController.advance": {
                    "total": 88.16589840000022,
                    "count": 1317,
                    "self": 0.022984000000477067,
                    "children": {
                        "env_step": {
                            "total": 88.14291439999974,
                            "count": 1317,
                            "self": 81.20672639999941,
                            "children": {
                                "SubprocessEnvManager._take_step": {
                                    "total": 6.916379300000223,
                                    "count": 1317,
                                    "self": 0.1207925000001211,
                                    "children": {
                                        "TorchPolicy.evaluate": {
                                            "total": 6.795586800000102,
                                            "count": 1108,
                                            "self": 2.5046189000005796,
                                            "children": {
                                                "TorchPolicy.sample_actions": {
                                                    "total": 4.290967899999522,
                                                    "count": 1108,
                                                    "self": 4.290967899999522
                                                }
                                            }
                                        }
                                    }
                                },
                                "workers": {
                                    "total": 0.019808700000108814,
                                    "count": 1316,
                                    "self": 0.0,
                                    "children": {
                                        "worker_root": {
                                            "total": 90.06267739999998,
                                            "count": 1316,
                                            "is_parallel": true,
                                            "self": 13.901932499999972,
                                            "children": {
                                                "steps_from_proto": {
                                                    "total": 0.0013293000000000887,
                                                    "count": 1,
                                                    "is_parallel": true,
                                                    "self": 0.00040270000000042216,
                                                    "children": {
                                                        "_process_vector_observation": {
                                                            "total": 0.0009265999999996666,
                                                            "count": 2,
                                                            "is_parallel": true,
                                                            "self": 0.0009265999999996666
                                                        }
                                                    }
                                                },
                                                "UnityEnvironment.step": {
                                                    "total": 76.15941560000002,
                                                    "count": 1316,
                                                    "is_parallel": true,
                                                    "self": 0.3240388999998629,
                                                    "children": {
                                                        "UnityEnvironment._generate_step_input": {
                                                            "total": 0.9016973999998825,
                                                            "count": 1316,
                                                            "is_parallel": true,
                                                            "self": 0.9016973999998825
                                                        },
                                                        "communicator.exchange": {
                                                            "total": 73.87121810000015,
                                                            "count": 1316,
                                                            "is_parallel": true,