{
    "name": "root",
    "gauges": {
        "AgenteCarro.Policy.Entropy.mean": {
            "value": 0.0827946737408638,
            "min": 0.06312500685453415,
            "max": 0.11573972553014755,
            "count": 51
        },
        "AgenteCarro.Policy.ExtrinsicValueEstimate.mean": {
            "value": 0.46814921498298645,
            "min": 0.1631404161453247,
            "max": 0.6704569458961487,
            "count": 51
        },
        "AgenteCarro.Environment.EpisodeLength.mean": {
            "value": 181.59459459459458,
            "min": 174.13333333333333,
            "max": 191.26415094339623,
            "count": 51
        },
        "AgenteCarro.Environment.CumulativeReward.mean": {
            "value": 0.9226517450130943,
            "min": 0.23135845187418866,
            "max": 1.4273399702087044,
            "count": 51
        },
        "AgenteCarro.Policy.ExtrinsicReward.mean": {
            "value": 0.9226517450130943,
            "min": 0.23135845187418866,
            "max": 1.4273399702087044,
            "count": 51
        },
        "AgenteCarro.Losses.PolicyLoss.mean": {
            "value": 0.018429759715218097,
            "min": 0.018429759715218097,
            "max": 0.027920296617473167,
            "count": 51
        },
        "AgenteCarro.Losses.ValueLoss.mean": {
            "value": 0.08078541606664658,
            "min": 0.053302654375632606,
            "max": 0.30559945516288284,
            "count": 51
        },
        "AgenteCarro.Policy.LearningRate.mean": {
            "value": 0.00022486894252622257,
            "min": 0.00022486894252622257,
            "max": 0.00024969617506077495,
            "count": 51
        },
        "AgenteCarro.Policy.Epsilon.mean": {
            "value": 0.27989511,
            "min": 0.27989511,
            "max": 0.2997569,
            "count": 51
        },
        "AgenteCarro.Policy.Beta.mean": {
            "value": 0.0022541914972500007,
            "min": 0.0022541914972500007,
            "max": 0.0025019673275,
            "count": 51
        },
        "AgenteCarro.IsTraining.mean": {
            "value": 1.0,
            "min": 1.0,
            "max": 1.0,
            "count": 51
        }
    },
    "metadata": {
        "timer_format_version": "0.1.0",
        "start_time_seconds": "1622529421",
        "python_version": "3.7.9 (tags/v3.7.9:13c94747c7, Aug 17 2020, 18:58:18) [MSC v.1900 64 bit (AMD64)]",
        "command_line_arguments": "C:\\Users\\ahrPo\\AppData\\Local\\Programs\\Python\\Python37\\Scripts\\mlagents-learn EntornoCarro.yaml --run-id=c --resume",
        "mlagents_version": "0.23.0",
        "mlagents_envs_version": "0.23.0",
        "communication_protocol_version": "1.3.0",
        "pytorch_version": "1.7.1+cu110",
        "numpy_version": "1.19.5",
        "end_time_seconds": "1622530419"
    },
    "total": 997.6158775,
    "count": 1,
    "self": 0.007904600000074424,
    "children": {
        "run_training.setup": {
            "total": 0.02127440000000025,
            "count": 1,
            "self": 0.02127440000000025
        },
        "TrainerController.start_learning": {
            "total": 997.5866984999999,
            "count": 1,
            "self": 1.0209680000023127,
            "children": {
                "TrainerController._reset_env": {
                    "total": 9.243227100000002,
                    "count": 1,
                    "self": 9.243227100000002
                },
                "TrainerController.advance": {
                    "total": 987.1897016999976,
                    "count": 31468,
                    "self": 0.5783633999969879,
                    "children": {
                        "env_step": {
                            "total": 986.6113383000006,
                            "count": 31468,
                            "self": 831.4421541999974,
                            "children": {
                                "SubprocessEnvManager._take_step": {
                                    "total": 154.66220979999895,
                                    "count": 31468,
                                    "self": 2.842567199994363,
                                    "children": {
                                        "TorchPolicy.evaluate": {
                                            "total": 151.81964260000458,
                                            "count": 27210,
                                            "self": 52.466886999996376,
                                            "children": {
                                                "TorchPolicy.sample_actions": {
                                                    "total": 99.35275560000821,
                                                    "count": 27210,
                                                    "self": 99.35275560000821
                                                }
                                            }
                                        }
                                    }
                                },
                                "workers": {
                                    "total": 0.5069743000042486,
                                    "count": 31467,
                                    "self": 0.0,
                                    "children": {
                                        "worker_root": {
                                            "total": 990.5728055999934,
                                            "count": 31467,
                                            "is_parallel": true,
                                            "self": 280.84185119999427,
                                            "children": {
                                                "steps_from_proto": {
                                                    "total": 0.0013624999999999332,
                                                    "count": 1,
                                                    "is_parallel": true,
                                                    "self": 0.0006346999999990999,
                                                    "children": {
                                                        "_process_vector_observation": {
                                                            "total": 0.0007278000000008333,
                                                            "count": 2,
                                                            "is_parallel": true,
                                                            "self": 0.0007278000000008333
                                                        }
                                                    }
                                                },
                                                "UnityEnvironment.step": {
                                                    "total": 709.7295918999991,
                                                    "count": 31467,
                                                    "is_parallel": true,
                                                    "self": 7.098105899994948,
                                                    "children": {
                                                        "UnityEnvironment._generate_step_input": {
                                                            "total": 18.174042100010816,
                                                            "count": 31467,
                                                            "is_parallel": true,
                                                            "self": 18.174042100010816
                                                        },
                                                        "communicator.exchange": {
                                                            "total": 662.0269872999886,
                                                            "count": 31467,