{
    "name": "root",
    "metadata": {
        "timer_format_version": "0.1.0",
        "start_time_seconds": "1623092283",
        "python_version": "3.7.9 (tags/v3.7.9:13c94747c7, Aug 17 2020, 18:58:18) [MSC v.1900 64 bit (AMD64)]",
        "command_line_arguments": "C:\\Users\\ahrPo\\AppData\\Local\\Programs\\Python\\Python37\\Scripts\\mlagents-learn EntornoCarro.yaml --run-id=normalizadoPrueba3 --force",
        "mlagents_version": "0.23.0",
        "mlagents_envs_version": "0.23.0",
        "communication_protocol_version": "1.3.0",
        "pytorch_version": "1.7.1+cu110",
        "numpy_version": "1.19.5",
        "end_time_seconds": "1623092307"
    },
    "total": 23.597533600000002,
    "count": 1,
    "self": 0.012304400000004989,
    "children": {
        "run_training.setup": {
            "total": 0.009980699999999842,
            "count": 1,
            "self": 0.009980699999999842
        },
        "TrainerController.start_learning": {
            "total": 23.575248499999997,
            "count": 1,
            "self": 0.013661599999991836,
            "children": {
                "TrainerController._reset_env": {
                    "total": 9.3870617,
                    "count": 1,
                    "self": 9.3870617
                },
                "TrainerController.advance": {
                    "total": 13.160643200000006,
                    "count": 213,
                    "self": 0.009176200000018397,
                    "children": {
                        "env_step": {
                            "total": 13.151466999999988,
                            "count": 213,
                            "self": 12.195636699999957,
                            "children": {
                                "SubprocessEnvManager._take_step": {
                                    "total": 0.9531757000000471,
                                    "count": 213,
                                    "self": 0.008130100000057539,
                                    "children": {
                                        "TorchPolicy.evaluate": {
                                            "total": 0.9450455999999896,
                                            "count": 71,
                                            "self": 0.08056329999997125,
                                            "children": {
                                                "TorchPolicy.sample_actions": {
                                                    "total": 0.8644823000000184,
                                                    "count": 71,
                                                    "self": 0.8644823000000184
                                                }
                                            }
                                        }
                                    }
                                },
                                "workers": {
                                    "total": 0.002654599999983631,
                                    "count": 212,
                                    "self": 0.0,
                                    "children": {
                                        "worker_root": {
                                            "total": 14.664102100000012,
                                            "count": 212,
                                            "is_parallel": true,
                                            "self": 2.8835321999999657,
                                            "children": {
                                                "steps_from_proto": {
                                                    "total": 0.0022695999999999827,
                                                    "count": 1,
                                                    "is_parallel": true,
                                                    "self": 0.00032610000000055095,
                                                    "children": {
                                                        "_process_vector_observation": {
                                                            "total": 0.0019434999999994318,
                                                            "count": 4,
                                                            "is_parallel": true,
                                                            "self": 0.0019434999999994318
                                                        }
                                                    }
                                                },
                                                "UnityEnvironment.step": {
                                                    "total": 11.778300300000046,
                                                    "count": 212,
                                                    "is_parallel": true,
                                                    "self": 0.052730700000010344,
                                                    "children": {
                                                        "UnityEnvironment._generate_step_input": {
                                                            "total": 0.0699042000000265,
                                                            "count": 212,
                                                            "is_parallel": true,
                                                            "self": 0.0699042000000265
                                                        },
                                                        "communicator.exchange": {
                                                            "total": 11.190873000000003,
                                                            "count": 212,
                                                            "is_parallel": true,
                                                            "self": 11.190873000000003
                                                        },
                                                        "steps_from_proto": {
                                                            "total": 0.46479240000000566,
                                                            "count": 212,
                                                            "is_parallel": true,
                                                            "self": 0.03907240000004997,
                                                            "children": {
                                                                "_process_vector_observation": {
                                                                    "total": 0.4257199999999557,
                                                                    "count": 848,
                                                                    "is_parallel": true,
                                                                    "self": 0.4257199999999557
                                                                }
                                                            }
                                                        }
                                                    }
                                                }
                                            }
                                        }
                                    }
                                }
                            }
                        }
                    }
                },
                "trainer_threads": {
                    "total": 2.9500000000126647e-05,
                    "count": 1,
                    "self": 2.9500000000126647e-05,
                    "children": {
                        "thread_root": {
                            "total": 0.0,
                            "count": 0,
                            "is_parallel": true,
                            "self": 0.0,