{
    "name": "root",
    "metadata": {
        "timer_format_version": "0.1.0",
        "start_time_seconds": "1623147933",
        "python_version": "3.7.9 (tags/v3.7.9:13c94747c7, Aug 17 2020, 18:58:18) [MSC v.1900 64 bit (AMD64)]",
        "command_line_arguments": "C:\\Users\\ahrPo\\AppData\\Local\\Programs\\Python\\Python37\\Scripts\\mlagents-learn EntornoCarro.yaml --run-id=normalizadoC --force",
        "mlagents_version": "0.23.0",
        "mlagents_envs_version": "0.23.0",
        "communication_protocol_version": "1.3.0",
        "pytorch_version": "1.7.1+cu110",
        "numpy_version": "1.19.5",
        "end_time_seconds": "1623147995"
    },
    "total": 61.959272399999996,
    "count": 1,
    "self": 0.017923799999991274,
    "children": {
        "run_training.setup": {
            "total": 0.011560499999999863,
            "count": 1,
            "self": 0.011560499999999863
        },
        "TrainerController.start_learning": {
            "total": 61.9297881,
            "count": 1,
            "self": 0.014335700000003726,
            "children": {
                "TrainerController._reset_env": {
                    "total": 50.5570935,
                    "count": 1,
                    "self": 50.5570935
                },
                "TrainerController.advance": {
                    "total": 10.253036600000001,
                    "count": 26,
                    "self": 0.0012664999999856263,
                    "children": {
                        "env_step": {
                            "total": 10.251770100000016,
                            "count": 26,
                            "self": 9.637345199999984,
                            "children": {
                                "SubprocessEnvManager._take_step": {
                                    "total": 0.6141224000000136,
                                    "count": 26,
                                    "self": 0.0030094999999903393,
                                    "children": {
                                        "TorchPolicy.evaluate": {
                                            "total": 0.6111129000000233,
                                            "count": 26,
                                            "self": 0.028511200000025383,
                                            "children": {
                                                "TorchPolicy.sample_actions": {
                                                    "total": 0.5826016999999979,
                                                    "count": 26,
                                                    "self": 0.5826016999999979
                                                }
                                            }
                                        }
                                    }
                                },
                                "workers": {
                                    "total": 0.00030250000001785793,
                                    "count": 25,
                                    "self": 0.0,
                                    "children": {
                                        "worker_root": {
                                            "total": 11.848016200000025,
                                            "count": 25,
                                            "is_parallel": true,
                                            "self": 2.3574931000000348,
                                            "children": {
                                                "steps_from_proto": {
                                                    "total": 0.002577999999999747,
                                                    "count": 1,
                                                    "is_parallel": true,
                                                    "self": 0.0004213000000063971,
                                                    "children": {
                                                        "_process_vector_observation": {
                                                            "total": 0.00215669999999335,
                                                            "count": 4,
                                                            "is_parallel": true,
                                                            "self": 0.00215669999999335
                                                        }
                                                    }
                                                },
                                                "UnityEnvironment.step": {
                                                    "total": 9.48794509999999,
                                                    "count": 25,
                                                    "is_parallel": true,
                                                    "self": 0.013121799999950667,
                                                    "children": {
                                                        "UnityEnvironment._generate_step_input": {
                                                            "total": 0.02321829999999636,
                                                            "count": 25,
                                                            "is_parallel": true,
                                                            "self": 0.02321829999999636
                                                        },
                                                        "communicator.exchange": {
                                                            "total": 9.395477800000016,
                                                            "count": 25,
                                                            "is_parallel": true,
                                                            "self": 9.395477800000016
                                                        },
                                                        "steps_from_proto": {
                                                            "total": 0.056127200000027244,
                                                            "count": 25,
                                                            "is_parallel": true,
                                                            "self": 0.007498300000051472,
                                                            "children": {
                                                                "_process_vector_observation": {
                                                                    "total": 0.04862889999997577,
                                                                    "count": 100,
                                                                    "is_parallel": true,
                                                                    "self": 0.04862889999997577
                                                                }
                                                            }
                                                        }
                                                    }
                                                }
                                            }
                                        }
                                    }
                                }
                            }
                        }
                    }
                },
                "trainer_threads": {
                    "total": 2.5300000004335743e-05,
                    "count": 1,
                    "self": 2.5300000004335743e-05,
                    "children": {
                        "thread_root": {
                            "total": 0.0,
                            "count": 0,
                            "is_parallel": true,
                            "self": 0.0,
                            "children": {
                                "trainer_advance": {
                                    "total": 10.24596069999997,