{
    "name": "root",
    "gauges": {
        "TouchCube.Policy.Entropy.mean": {
            "value": 0.9709385633468628,
            "min": 0.9709385633468628,
            "max": 7.680217742919922,
            "count": 250
        },
        "TouchCube.Environment.EpisodeLength.mean": {
            "value": 4.5576228825326295,
            "min": 4.535019455252918,
            "max": 135.96618357487924,
            "count": 250
        },
        "TouchCube.Policy.ExtrinsicValueEstimate.mean": {
            "value": 0.8853012323379517,
            "min": -2.994424819946289,
            "max": 0.8884255290031433,
            "count": 250
        },
        "TouchCube.Environment.CumulativeReward.mean": {
            "value": 0.7950515547918923,
            "min": -6.831676955214528,
            "max": 0.7988726255624892,
            "count": 250
        },
        "TouchCube.Policy.ExtrinsicReward.mean": {
            "value": 0.7950515547918923,
            "min": -6.831676955214528,
            "max": 0.7988726255624892,
            "count": 250
        },
        "TouchCube.Losses.PolicyLoss.mean": {
            "value": 0.045144883663245615,
            "min": 0.03674366450260941,
            "max": 0.05044535436485475,
            "count": 250
        },
        "TouchCube.Losses.ValueLoss.mean": {
            "value": 0.007469053326834304,
            "min": 0.006352777971442902,
            "max": 1.475832633859192,
            "count": 250
        },
        "TouchCube.Policy.LearningRate.mean": {
            "value": 6.073297975899969e-07,
            "min": 6.073297975899969e-07,
            "max": 0.0002993553939648687,
            "count": 250
        },
        "TouchCube.Policy.Epsilon.mean": {
            "value": 0.10020240999999999,
            "min": 0.10020240999999999,
            "max": 0.19978513125000003,
            "count": 250
        },
        "TouchCube.Policy.Beta.mean": {
            "value": 1.0991808999999995e-05,
            "min": 1.0991808999999995e-05,
            "max": 0.0004989471431249999,
            "count": 250
        },
        "TouchCube.IsTraining.mean": {
            "value": 1.0,
            "min": 1.0,
            "max": 1.0,
            "count": 250
        }
    },
    "metadata": {
        "timer_format_version": "0.1.0",
        "start_time_seconds": "1614206701",
        "python_version": "3.7.9 (tags/v3.7.9:13c94747c7, Aug 17 2020, 18:58:18) [MSC v.1900 64 bit (AMD64)]",
        "command_line_arguments": "C:\\Users\\ahrPo\\AppData\\Local\\Programs\\Python\\Python37\\Scripts\\mlagents-learn Config\\TouchCube.yaml --run-id=touch_1 --force",
        "mlagents_version": "0.23.0",
        "mlagents_envs_version": "0.23.0",
        "communication_protocol_version": "1.3.0",
        "pytorch_version": "1.7.1+cu110",
        "numpy_version": "1.18.5",
        "end_time_seconds": "1614219948"
    },
    "total": 13246.8098321,
    "count": 1,
    "self": 0.008123599998725695,
    "children": {
        "run_training.setup": {
            "total": 0.008869100000000074,
            "count": 1,
            "self": 0.008869100000000074
        },
        "TrainerController.start_learning": {
            "total": 13246.792839400001,
            "count": 1,
            "self": 10.3706726997043,
            "children": {
                "TrainerController._reset_env": {
                    "total": 33.978815499999996,
                    "count": 1,
                    "self": 33.978815499999996
                },
                "TrainerController.advance": {
                    "total": 13202.203808300295,
                    "count": 365631,
                    "self": 5.7103287004702,
                    "children": {
                        "env_step": {
                            "total": 13196.493479599825,
                            "count": 365631,
                            "self": 12912.500210000053,
                            "children": {
                                "SubprocessEnvManager._take_step": {
                                    "total": 278.24670239982447,
                                    "count": 365631,
                                    "self": 8.101208099907694,
                                    "children": {
                                        "TorchPolicy.evaluate": {
                                            "total": 270.1454942999168,
                                            "count": 26045,
                                            "self": 33.126881999912456,
                                            "children": {
                                                "TorchPolicy.sample_actions": {
                                                    "total": 237.01861230000432,
                                                    "count": 26045,
                                                    "self": 237.01861230000432
                                                }
                                            }
                                        }
                                    }
                                },
                                "workers": {
                                    "total": 5.746567199948352,
                                    "count": 365631,
                                    "self": 0.0,
                                    "children": {
                                        "worker_root": {
                                            "total": 13202.533766199858,
                                            "count": 365631,
                                            "is_parallel": true,
                                            "self": 1413.9655807998133,
                                            "children": {
                                                "steps_from_proto": {
                                                    "total": 0.005279300000005094,
                                                    "count": 1,
                                                    "is_parallel": true,
                                                    "self": 0.0005421000000112031,
                                                    "children": {
                                                        "_process_vector_observation": {
                                                            "total": 0.004737199999993891,
                                                            "count": 4,
                                                            "is_parallel": true,
                                                            "self": 0.004737199999993891
                                                        }
                                                    }
                                                },
                                                "UnityEnvironment.step": {
                                                    "total": 11788.562906100045,
                                                    "count": 365631,
                                                    "is_parallel": true,
                                                    "self": 86.16199229893209,
                                                    "children": {
                                                        "UnityEnvironment._generate_step_input": {
                                                            "total": 99.144240700328,
                                                            "count": 365631,
                                                            "is_parallel": true,
                                                            "self": 99.144240700328
                                                        },
                                                        "communicator.exchange": {
                                                            "total": 11318.648429300516,
                                                            "count": 365631,