{
    "name": "root",
    "gauges": {
        "AgenteCarro.Policy.Entropy.mean": {
            "value": 0.7725157141685486,
            "min": 0.7725157141685486,
            "max": 1.0906058549880981,
            "count": 7
        },
        "AgenteCarro.Policy.ExtrinsicValueEstimate.mean": {
            "value": -0.5118125081062317,
            "min": -0.5118125081062317,
            "max": -0.17831915616989136,
            "count": 7
        },
        "AgenteCarro.Policy.CuriosityValueEstimate.mean": {
            "value": 0.40546053647994995,
            "min": 0.11592081934213638,
            "max": 0.4468452036380768,
            "count": 7
        },
        "AgenteCarro.Environment.EpisodeLength.mean": {
            "value": 199.0,
            "min": 199.0,
            "max": 199.0,
            "count": 7
        },
        "AgenteCarro.Environment.CumulativeReward.mean": {
            "value": -1.0000000707805157,
            "min": -1.0000000707805157,
            "max": -0.969910069257021,
            "count": 7
        },
        "AgenteCarro.Policy.ExtrinsicReward.mean": {
            "value": -1.0000000707805157,
            "min": -1.0000000707805157,
            "max": -0.969910069257021,
            "count": 7
        },
        "AgenteCarro.Policy.CuriosityReward.mean": {
            "value": 0.18097610285447444,
            "min": 0.18097610285447444,
            "max": 1.2884627739437904,
            "count": 7
        },
        "AgenteCarro.Losses.PolicyLoss.mean": {
            "value": 0.02768712573346089,
            "min": 0.022683002478019756,
            "max": 0.03070035084771613,
            "count": 7
        },
        "AgenteCarro.Losses.ValueLoss.mean": {
            "value": 0.0005297130203072095,
            "min": 0.0005297130203072095,
            "max": 0.10097995002500036,
            "count": 7
        },
        "AgenteCarro.Policy.LearningRate.mean": {
            "value": 0.00048730800253839993,
            "min": 0.00048730800253839993,
            "max": 0.0004988720002256,
            "count": 7
        },
        "AgenteCarro.Policy.Epsilon.mean": {
            "value": 0.4898464,
            "min": 0.4898464,
            "max": 0.4990976,
            "count": 7
        },
        "AgenteCarro.Policy.Beta.mean": {
            "value": 0.004873333840000001,
            "min": 0.004873333840000001,
            "max": 0.0049887425599999995,
            "count": 7
        },
        "AgenteCarro.Losses.CuriosityForwardLoss.mean": {
            "value": 0.0011470261158661522,
            "min": 0.0011470261158661522,
            "max": 0.08155269023369659,
            "count": 7
        },
        "AgenteCarro.Losses.CuriosityInverseLoss.mean": {
            "value": 0.8780055199608658,
            "min": 0.8661921376531774,
            "max": 1.0979507475188284,
            "count": 7
        },
        "AgenteCarro.IsTraining.mean": {
            "value": 1.0,
            "min": 1.0,
            "max": 1.0,
            "count": 7
        }
    },
    "metadata": {
        "timer_format_version": "0.1.0",
        "start_time_seconds": "1622497683",
        "python_version": "3.7.9 (tags/v3.7.9:13c94747c7, Aug 17 2020, 18:58:18) [MSC v.1900 64 bit (AMD64)]",
        "command_line_arguments": "C:\\Users\\ahrPo\\AppData\\Local\\Programs\\Python\\Python37\\Scripts\\mlagents-learn EntornoCarro.yaml --force --run-id=a",
        "mlagents_version": "0.23.0",
        "mlagents_envs_version": "0.23.0",
        "communication_protocol_version": "1.3.0",
        "pytorch_version": "1.7.1+cu110",
        "numpy_version": "1.19.5",
        "end_time_seconds": "1622497847"
    },
    "total": 164.0826538,
    "count": 1,
    "self": 0.00756020000000035,
    "children": {
        "run_training.setup": {
            "total": 0.012190100000000204,
            "count": 1,
            "self": 0.012190100000000204
        },
        "TrainerController.start_learning": {
            "total": 164.0629035,
            "count": 1,
            "self": 0.18068180000034317,
            "children": {
                "TrainerController._reset_env": {
                    "total": 14.9792749,
                    "count": 1,
                    "self": 14.9792749
                },
                "TrainerController.advance": {
                    "total": 148.77742219999968,
                    "count": 2997,
                    "self": 0.05145409999940398,
                    "children": {
                        "env_step": {
                            "total": 148.72596810000027,
                            "count": 2997,
                            "self": 132.3637598000007,
                            "children": {
                                "SubprocessEnvManager._take_step": {
                                    "total": 16.316061800000057,
                                    "count": 2997,
                                    "self": 0.3057691000001803,
                                    "children": {
                                        "TorchPolicy.evaluate": {
                                            "total": 16.010292699999876,
                                            "count": 2997,
                                            "self": 4.9163343000009085,
                                            "children": {
                                                "TorchPolicy.sample_actions": {
                                                    "total": 11.093958399998968,
                                                    "count": 2997,
                                                    "self": 11.093958399998968
                                                }
                                            }
                                        }
                                    }
                                },
                                "workers": {
                                    "total": 0.046146499999522916,
                                    "count": 2996,
                                    "self": 0.0,
                                    "children": {
                                        "worker_root": {
                                            "total": 150.4143617000003,
                                            "count": 2996,
                                            "is_parallel": true,
                                            "self": 54.24941480000072,
                                            "children": {
                                                "steps_from_proto": {
                                                    "total": 0.0009604999999996977,
                                                    "count": 1,
                                                    "is_parallel": true,
                                                    "self": 0.00034870000000175594,
                                                    "children": {
                                                        "_process_vector_observation": {
                                                            "total": 0.0006117999999979418,
                                                            "count": 2,
                                                            "is_parallel": true,
                                                            "self": 0.0006117999999979418
                                                        }
                                                    }
                                                },
                                                "UnityEnvironment.step": {
                                                    "total": 96.16398639999959,
                                                    "count": 2996,
                                                    "is_parallel": true,
                                                    "self": 0.8120794999995553,