{
    "name": "root",
    "gauges": {
        "TouchCubeMoveGail.Policy.Entropy.mean": {
            "value": 3.5364792346954346,
            "min": 3.195707082748413,
            "max": 4.060020446777344,
            "count": 22
        },
        "TouchCubeMoveGail.Policy.Entropy.sum": {
            "value": 71295.421875,
            "min": 44867.7265625,
            "max": 81850.0078125,
            "count": 22
        },
        "TouchCubeMoveGail.Environment.EpisodeLength.mean": {
            "value": 12.46832884097035,
            "min": 7.393740902474527,
            "max": 13.94034302759135,
            "count": 22
        },
        "TouchCubeMoveGail.Environment.EpisodeLength.sum": {
            "value": 18503.0,
            "min": 10159.0,
            "max": 18694.0,
            "count": 22
        },
        "TouchCubeMoveGail.Step.mean": {
            "value": 2779992.0,
            "min": 2359992.0,
            "max": 2779992.0,
            "count": 22
        },
        "TouchCubeMoveGail.Step.sum": {
            "value": 2779992.0,
            "min": 2359992.0,
            "max": 2779992.0,
            "count": 22
        },
        "TouchCubeMoveGail.Policy.ExtrinsicValueEstimate.mean": {
            "value": 4.627451419830322,
            "min": 0.00863646436482668,
            "max": 4.744966983795166,
            "count": 22
        },
        "TouchCubeMoveGail.Policy.ExtrinsicValueEstimate.sum": {
            "value": 6867.1376953125,
            "min": 14.707898139953613,
            "max": 6932.39697265625,
            "count": 22
        },
        "TouchCubeMoveGail.Environment.CumulativeReward.mean": {
            "value": 5.2912027814558575,
            "min": -0.014155618027015402,
            "max": 5.547368353002754,
            "count": 22
        },
        "TouchCubeMoveGail.Environment.CumulativeReward.sum": {
            "value": 7852.144927680492,
            "min": -19.435663551092148,
            "max": 8176.820952326059,
            "count": 22
        },
        "TouchCubeMoveGail.Policy.ExtrinsicReward.mean": {
            "value": 5.2912027814558575,
            "min": -0.014155618027015402,
            "max": 5.547368353002754,
            "count": 22
        },
        "TouchCubeMoveGail.Policy.ExtrinsicReward.sum": {
            "value": 7852.144927680492,
            "min": -19.435663551092148,
            "max": 8176.820952326059,
            "count": 22
        },
        "TouchCubeMoveGail.Environment.LessonNumber.randomBox.mean": {
            "value": 0.0,
            "min": 0.0,
            "max": 0.0,
            "count": 22
        },
        "TouchCubeMoveGail.Environment.LessonNumber.randomBox.sum": {
            "value": 0.0,
            "min": 0.0,
            "max": 0.0,
            "count": 22
        },
        "TouchCubeMoveGail.Environment.LessonNumber.randomCube.mean": {
            "value": 0.0,
            "min": 0.0,
            "max": 0.0,
            "count": 22
        },
        "TouchCubeMoveGail.Environment.LessonNumber.randomCube.sum": {
            "value": 0.0,
            "min": 0.0,
            "max": 0.0,
            "count": 22
        },
        "TouchCubeMoveGail.Environment.LessonNumber.grabBoxCurriculum.mean": {
            "value": 0.0,
            "min": 0.0,
            "max": 0.0,
            "count": 22
        },
        "TouchCubeMoveGail.Environment.LessonNumber.grabBoxCurriculum.sum": {
            "value": 0.0,
            "min": 0.0,
            "max": 0.0,
            "count": 22
        },
        "TouchCubeMoveGail.Environment.LessonNumber.rewardGrip.mean": {
            "value": 0.0,
            "min": 0.0,
            "max": 0.0,
            "count": 22
        },
        "TouchCubeMoveGail.Environment.LessonNumber.rewardGrip.sum": {
            "value": 0.0,
            "min": 0.0,
            "max": 0.0,
            "count": 22
        },
        "TouchCubeMoveGail.Environment.LessonNumber.rewardReleaseInArea.mean": {
            "value": 0.0,
            "min": 0.0,
            "max": 0.0,
            "count": 22
        },
        "TouchCubeMoveGail.Environment.LessonNumber.rewardReleaseInArea.sum": {
            "value": 0.0,
            "min": 0.0,
            "max": 0.0,
            "count": 22
        },
        "TouchCubeMoveGail.Environment.LessonNumber.rewardFinish.mean": {
            "value": 0.0,
            "min": 0.0,
            "max": 0.0,
            "count": 22
        },
        "TouchCubeMoveGail.Environment.LessonNumber.rewardFinish.sum": {
            "value": 0.0,
            "min": 0.0,
            "max": 0.0,
            "count": 22
        },
        "TouchCubeMoveGail.Environment.LessonNumber.rewardCubeKnockedOff.mean": {
            "value": 0.0,
            "min": 0.0,
            "max": 0.0,
            "count": 22
        },
        "TouchCubeMoveGail.Environment.LessonNumber.rewardCubeKnockedOff.sum": {
            "value": 0.0,
            "min": 0.0,
            "max": 0.0,
            "count": 22
        },
        "TouchCubeMoveGail.Environment.LessonNumber.rewardCubeReleased.mean": {
            "value": 0.0,
            "min": 0.0,
            "max": 0.0,
            "count": 22
        },
        "TouchCubeMoveGail.Environment.LessonNumber.rewardCubeReleased.sum": {
            "value": 0.0,
            "min": 0.0,
            "max": 0.0,
            "count": 22
        },
        "TouchCubeMoveGail.Environment.LessonNumber.rewardTime.mean": {
            "value": 0.0,
            "min": 0.0,
            "max": 0.0,
            "count": 22
        },
        "TouchCubeMoveGail.Environment.LessonNumber.rewardTime.sum": {
            "value": 0.0,
            "min": 0.0,
            "max": 0.0,
            "count": 22
        },
        "TouchCubeMoveGail.Environment.LessonNumber.curriculumGrip.mean": {
            "value": 0.0,
            "min": 0.0,
            "max": 0.0,
            "count": 22
        },
        "TouchCubeMoveGail.Environment.LessonNumber.curriculumGrip.sum": {
            "value": 0.0,
            "min": 0.0,
            "max": 0.0,
            "count": 22
        },
        "TouchCubeMoveGail.Environment.LessonNumber.rotation.mean": {
            "value": 0.0,
            "min": 0.0,
            "max": 0.0,
            "count": 22
        },
        "TouchCubeMoveGail.Environment.LessonNumber.rotation.sum": {
            "value": 0.0,
            "min": 0.0,
            "max": 0.0,
            "count": 22
        },
        "TouchCubeMoveGail.Losses.PolicyLoss.mean": {
            "value": 0.02524175637712081,
            "min": 0.020122051778404662,
            "max": 0.029096956675251324,
            "count": 22
        },
        "TouchCubeMoveGail.Losses.PolicyLoss.sum": {
            "value": 0.05048351275424162,
            "min": 0.021197737799957393,
            "max": 0.05306789092719555,
            "count": 22
        },
        "TouchCubeMoveGail.Losses.ValueLoss.mean": {
            "value": 1.359595121939977,
            "min": 0.2595848359167576,
            "max": 3.8138375322024025,
            "count": 22
        },
        "TouchCubeMoveGail.Losses.ValueLoss.sum": {
            "value": 2.719190243879954,
            "min": 0.5191696718335151,
            "max": 7.627675064404805,
            "count": 22
        },
        "TouchCubeMoveGail.Policy.LearningRate.mean": {
            "value": 0.00046532233818553383,
            "min": 0.00046532233818553383,
            "max": 0.0004705159433968126,
            "count": 22
        },
        "TouchCubeMoveGail.Policy.LearningRate.sum": {
            "value": 0.0009306446763710677,
            "min": 0.0004698745685250873,
            "max": 0.0009406471743705671,
            "count": 22
        },
        "TouchCubeMoveGail.Policy.Epsilon.mean": {
            "value": 0.56532233125,
            "min": 0.56532233125,
            "max": 0.5705159375,
            "count": 22
        },