{
    "name": "root",
    "metadata": {
        "timer_format_version": "0.1.0",
        "start_time_seconds": "1623686589",
        "python_version": "3.7.9 (tags/v3.7.9:13c94747c7, Aug 17 2020, 18:58:18) [MSC v.1900 64 bit (AMD64)]",
        "command_line_arguments": "C:\\Users\\ahrPo\\AppData\\Local\\Programs\\Python\\Python37\\Scripts\\mlagents-learn EntornoCarro.yaml --force --run-id=in1 --resume",
        "mlagents_version": "0.23.0",
        "mlagents_envs_version": "0.23.0",
        "communication_protocol_version": "1.3.0",
        "pytorch_version": "1.7.1+cu110",
        "numpy_version": "1.18.5",
        "end_time_seconds": "1623689072"
    },
    "total": 2483.3840372,
    "count": 1,
    "self": 0.010275099999489612,
    "children": {
        "run_training.setup": {
            "total": 0.010130900000000054,
            "count": 1,
            "self": 0.010130900000000054
        },
        "TrainerController.start_learning": {
            "total": 2483.3636312000003,
            "count": 1,
            "self": 3.185385899972971,
            "children": {
                "TrainerController._reset_env": {
                    "total": 9.753926,
                    "count": 1,
                    "self": 9.753926
                },
                "TrainerController.advance": {
                    "total": 2470.2975116000275,
                    "count": 75193,
                    "self": 4.3544447000313085,
                    "children": {
                        "env_step": {
                            "total": 2465.943066899996,
                            "count": 75193,
                            "self": 2213.121758399973,
                            "children": {
                                "SubprocessEnvManager._take_step": {
                                    "total": 251.692841800014,
                                    "count": 75193,
                                    "self": 5.678202000062669,
                                    "children": {
                                        "TorchPolicy.evaluate": {
                                            "total": 246.01463979995134,
                                            "count": 54021,
                                            "self": 81.47551159994174,
                                            "children": {
                                                "TorchPolicy.sample_actions": {
                                                    "total": 164.5391282000096,
                                                    "count": 54021,
                                                    "self": 164.5391282000096
                                                }
                                            }
                                        }
                                    }
                                },
                                "workers": {
                                    "total": 1.1284667000095823,
                                    "count": 75192,
                                    "self": 0.0,
                                    "children": {
                                        "worker_root": {
                                            "total": 2412.779554699989,
                                            "count": 75192,
                                            "is_parallel": true,
                                            "self": 626.5722172999992,
                                            "children": {
                                                "steps_from_proto": {
                                                    "total": 0.0011204999999998577,
                                                    "count": 1,
                                                    "is_parallel": true,
                                                    "self": 0.0003074999999990169,
                                                    "children": {
                                                        "_process_vector_observation": {
                                                            "total": 0.0008130000000008408,
                                                            "count": 2,
                                                            "is_parallel": true,
                                                            "self": 0.0008130000000008408
                                                        }
                                                    }
                                                },
                                                "UnityEnvironment.step": {
                                                    "total": 1786.2062168999898,
                                                    "count": 75192,
                                                    "is_parallel": true,
                                                    "self": 16.4365867999677,
                                                    "children": {
                                                        "UnityEnvironment._generate_step_input": {
                                                            "total": 43.49990090000584,
                                                            "count": 75192,
                                                            "is_parallel": true,
                                                            "self": 43.49990090000584
                                                        },
                                                        "communicator.exchange": {
                                                            "total": 1683.600212999998,
                                                            "count": 75192,
                                                            "is_parallel": true,
                                                            "self": 1683.600212999998
                                                        },
                                                        "steps_from_proto": {
                                                            "total": 42.66951620001852,
                                                            "count": 75192,
                                                            "is_parallel": true,
                                                            "self": 15.61316730001231,
                                                            "children": {
                                                                "_process_vector_observation": {
                                                                    "total": 27.05634890000621,
                                                                    "count": 150384,
                                                                    "is_parallel": true,
                                                                    "self": 27.05634890000621
                                                                }
                                                            }
                                                        }
                                                    }
                                                }
                                            }
                                        }
                                    }
                                }
                            }
                        }
                    }
                },
                "TrainerController._save_models": {
                    "total": 0.1268076999999721,
                    "count": 1,
                    "self": 0.011654399999770249,
                    "children": {
                        "RLTrainer._checkpoint": {
                            "total": 0.11515330000020185,
                            "count": 1,
                            "self": 0.11515330000020185
                        }
                    }
                }
            }
        }
    }
}