{
    "name": "root",
    "gauges": {
        "RoombaBehaviour.Policy.Entropy.mean": {
            "value": 0.023223305121064186,
            "min": 0.023167483508586884,
            "max": 0.03679093345999718,
            "count": 20
        },
        "RoombaBehaviour.Policy.Entropy.sum": {
            "value": 471.5260009765625,
            "min": 469.73114013671875,
            "max": 744.3541870117188,
            "count": 20
        },
        "RoombaBehaviour.Step.mean": {
            "value": 10399944.0,
            "min": 10019960.0,
            "max": 10399944.0,
            "count": 20
        },
        "RoombaBehaviour.Step.sum": {
            "value": 10399944.0,
            "min": 10019960.0,
            "max": 10399944.0,
            "count": 20
        },
        "RoombaBehaviour.Policy.ExtrinsicValueEstimate.mean": {
            "value": 0.4051912724971771,
            "min": 0.403104692697525,
            "max": 0.44281715154647827,
            "count": 20
        },
        "RoombaBehaviour.Policy.ExtrinsicValueEstimate.sum": {
            "value": 129.25601196289062,
            "min": 128.99349975585938,
            "max": 141.2339324951172,
            "count": 20
        },
        "RoombaBehaviour.Losses.PolicyLoss.mean": {
            "value": 0.028767362011907,
            "min": 0.019704544047514597,
            "max": 0.028767362011907,
            "count": 20
        },
        "RoombaBehaviour.Losses.PolicyLoss.sum": {
            "value": 0.057534724023814,
            "min": 0.019704544047514597,
            "max": 0.057534724023814,
            "count": 20
        },
        "RoombaBehaviour.Losses.ValueLoss.mean": {
            "value": 0.02631333681444327,
            "min": 0.023555140135188897,
            "max": 0.04333863581220309,
            "count": 20
        },
        "RoombaBehaviour.Losses.ValueLoss.sum": {
            "value": 0.05262667362888654,
            "min": 0.023555140135188897,
            "max": 0.07425214797258378,
            "count": 20
        },
        "RoombaBehaviour.Policy.LearningRate.mean": {
            "value": 0.00015353500262634662,
            "min": 0.00015353500262634662,
            "max": 0.00016631980006938661,
            "count": 20
        },
        "RoombaBehaviour.Policy.LearningRate.sum": {
            "value": 0.00030707000525269324,
            "min": 0.00015768940179546666,
            "max": 0.00033155480035573337,
            "count": 20
        },
        "RoombaBehaviour.Policy.Epsilon.mean": {
            "value": 0.25353493333333327,
            "min": 0.25353493333333327,
            "max": 0.26631973333333325,
            "count": 20
        },
        "RoombaBehaviour.Policy.Epsilon.sum": {
            "value": 0.5070698666666665,
            "min": 0.2576893333333333,
            "max": 0.5315546666666668,
            "count": 20
        },
        "RoombaBehaviour.Policy.Beta.mean": {
            "value": 0.001542278634666667,
            "min": 0.001542278634666667,
            "max": 0.0016698709386666671,
            "count": 20
        },
        "RoombaBehaviour.Policy.Beta.sum": {
            "value": 0.003084557269333334,
            "min": 0.0015837395466666664,
            "max": 0.003328915573333334,
            "count": 20
        },
        "RoombaBehaviour.Environment.EpisodeLength.mean": {
            "value": 999.0,
            "min": 999.0,
            "max": 999.0,
            "count": 20
        },
        "RoombaBehaviour.Environment.EpisodeLength.sum": {
            "value": 17982.0,
            "min": 17982.0,
            "max": 35964.0,
            "count": 20
        },
        "RoombaBehaviour.Environment.CumulativeReward.mean": {
            "value": 3.7777780507587724,
            "min": 3.0555557823843427,
            "max": 5.166666982281539,
            "count": 20
        },
        "RoombaBehaviour.Environment.CumulativeReward.sum": {
            "value": 68.0000049136579,
            "min": 55.00000408291817,
            "max": 146.00000949576497,
            "count": 20
        },
        "RoombaBehaviour.Policy.ExtrinsicReward.mean": {
            "value": 3.7777780507587724,
            "min": 3.0555557823843427,
            "max": 5.166666982281539,
            "count": 20
        },
        "RoombaBehaviour.Policy.ExtrinsicReward.sum": {
            "value": 68.0000049136579,
            "min": 55.00000408291817,
            "max": 146.00000949576497,
            "count": 20
        },
        "RoombaBehaviour.IsTraining.mean": {
            "value": 1.0,
            "min": 1.0,
            "max": 1.0,
            "count": 20
        },
        "RoombaBehaviour.IsTraining.sum": {
            "value": 1.0,
            "min": 1.0,
            "max": 1.0,
            "count": 20
        }
    },
    "metadata": {
        "timer_format_version": "0.1.0",
        "start_time_seconds": "1625496077",
        "python_version": "3.7.9 (tags/v3.7.9:13c94747c7, Aug 17 2020, 18:58:18) [MSC v.1900 64 bit (AMD64)]",
        "command_line_arguments": "C:\\Users\\ahrPo\\AppData\\Local\\Programs\\Python\\Python37\\Scripts\\mlagents-learn Config\\ppo.yaml --run-id=trees2 --resume",
        "mlagents_version": "0.27.0",
        "mlagents_envs_version": "0.27.0",
        "communication_protocol_version": "1.5.0",
        "pytorch_version": "1.9.0+cu111",
        "numpy_version": "1.21.0",
        "end_time_seconds": "1625496349"
    },
    "total": 272.7618835,
    "count": 1,
    "self": 0.006006600000034723,
    "children": {
        "run_training.setup": {
            "total": 0.06855449999999985,
            "count": 1,
            "self": 0.06855449999999985
        },
        "TrainerController.start_learning": {
            "total": 272.68732239999997,
            "count": 1,
            "self": 0.4826920000007249,
            "children": {
                "TrainerController._reset_env": {
                    "total": 16.875303499999998,
                    "count": 1,
                    "self": 16.875303499999998
                },
                "TrainerController.advance": {
                    "total": 255.22138019999923,
                    "count": 22434,
                    "self": 0.24082209999784254,
                    "children": {
                        "env_step": {
                            "total": 254.9805581000014,
                            "count": 22434,
                            "self": 163.73280770000096,
                            "children": {
                                "SubprocessEnvManager._take_step": {
                                    "total": 90.9940394000019,
                                    "count": 22434,
                                    "self": 1.1422476000016815,
                                    "children": {
                                        "TorchPolicy.evaluate": {
                                            "total": 89.85179180000021,
                                            "count": 22434,
                                            "self": 30.42357429999953,
                                            "children": {
                                                "TorchPolicy.sample_actions": {
                                                    "total": 59.428217500000684,
                                                    "count": 22434,
                                                    "self": 59.428217500000684
                                                }
                                            }
                                        }
                                    }
                                },
                                "workers": {
                                    "total": 0.25371099999853897,
                                    "count": 22433,
                                    "self": 0.0,