{
    "name": "root",
    "metadata": {
        "timer_format_version": "0.1.0",
        "start_time_seconds": "1618904164",
        "python_version": "3.7.9 (tags/v3.7.9:13c94747c7, Aug 17 2020, 18:58:18) [MSC v.1900 64 bit (AMD64)]",
        "command_line_arguments": "C:\\Users\\ahrPo\\AppData\\Local\\Programs\\Python\\Python37\\Scripts\\mlagents-learn Config\\ppo.yaml --run-id=curriculumPocoAPoco2 --resume",
        "mlagents_version": "0.23.0",
        "mlagents_envs_version": "0.23.0",
        "communication_protocol_version": "1.3.0",
        "pytorch_version": "1.7.1+cu110",
        "numpy_version": "1.19.5",
        "end_time_seconds": "1618904236"
    },
    "total": 72.1476079,
    "count": 1,
    "self": 0.04855799999998567,
    "children": {
        "run_training.setup": {
            "total": 0.013195100000000792,
            "count": 1,
            "self": 0.013195100000000792
        },
        "TrainerController.start_learning": {
            "total": 72.0858548,
            "count": 1,
            "self": 0.08942059999998264,
            "children": {
                "TrainerController._reset_env": {
                    "total": 10.8244095,
                    "count": 1,
                    "self": 10.8244095
                },
                "TrainerController.advance": {
                    "total": 59.75999190000005,
                    "count": 1156,
                    "self": 0.059842300000042314,
                    "children": {
                        "env_step": {
                            "total": 59.70014960000001,
                            "count": 1156,
                            "self": 56.43365270000017,
                            "children": {
                                "SubprocessEnvManager._take_step": {
                                    "total": 3.2476343999998587,
                                    "count": 1156,
                                    "self": 0.04260659999986949,
                                    "children": {
                                        "TorchPolicy.evaluate": {
                                            "total": 3.205027799999989,
                                            "count": 260,
                                            "self": 0.4235655999998791,
                                            "children": {
                                                "TorchPolicy.sample_actions": {
                                                    "total": 2.78146220000011,
                                                    "count": 260,
                                                    "self": 2.78146220000011
                                                }
                                            }
                                        }
                                    }
                                },
                                "workers": {
                                    "total": 0.01886249999998668,
                                    "count": 1155,
                                    "self": 0.0,
                                    "children": {
                                        "worker_root": {
                                            "total": 61.574884600000054,
                                            "count": 1155,
                                            "is_parallel": true,
                                            "self": 8.344330100000143,
                                            "children": {
                                                "steps_from_proto": {
                                                    "total": 0.002993199999998808,
                                                    "count": 1,
                                                    "is_parallel": true,
                                                    "self": 0.0004646999999966539,
                                                    "children": {
                                                        "_process_vector_observation": {
                                                            "total": 0.002528500000002154,
                                                            "count": 4,
                                                            "is_parallel": true,
                                                            "self": 0.002528500000002154
                                                        }
                                                    }
                                                },
                                                "UnityEnvironment.step": {
                                                    "total": 53.22756129999991,
                                                    "count": 1155,
                                                    "is_parallel": true,
                                                    "self": 0.3289590999996648,
                                                    "children": {
                                                        "UnityEnvironment._generate_step_input": {
                                                            "total": 0.38888090000019737,
                                                            "count": 1155,
                                                            "is_parallel": true,
                                                            "self": 0.38888090000019737
                                                        },
                                                        "communicator.exchange": {
                                                            "total": 51.22329000000002,
                                                            "count": 1155,
                                                            "is_parallel": true,
                                                            "self": 51.22329000000002
                                                        },
                                                        "steps_from_proto": {
                                                            "total": 1.286431300000034,
                                                            "count": 1155,
                                                            "is_parallel": true,
                                                            "self": 0.21251039999991228,
                                                            "children": {
                                                                "_process_vector_observation": {
                                                                    "total": 1.0739209000001217,
                                                                    "count": 4620,
                                                                    "is_parallel": true,
                                                                    "self": 1.0739209000001217
                                                                }
                                                            }
                                                        }
                                                    }
                                                }
                                            }
                                        }
                                    }
                                }
                            }
                        }
                    }
                },
                "trainer_threads": {
                    "total": 6.099999998809835e-05,
                    "count": 1,
                    "self": 6.099999998809835e-05,
                    "children": {
                        "thread_root": {
                            "total": 0.0,
                            "count": 0,
                            "is_parallel": true,
                            "self": 0.0,
                            "children": {
                                "trainer_advance": {
                                    "total": 59.735083299999836,