{
    "name": "root",
    "gauges": {
        "AgenteRobot.Policy.Entropy.mean": {
            "value": 5.418299198150635,
            "min": 5.269537448883057,
            "max": 5.61535120010376,
            "count": 118
        },
        "AgenteRobot.Policy.Entropy.sum": {
            "value": 107282.328125,
            "min": 95424.8046875,
            "max": 113991.6328125,
            "count": 118
        },
        "AgenteRobot.Environment.EpisodeLength.mean": {
            "value": 41.06680584551148,
            "min": 32.011160714285715,
            "max": 42.936123348017624,
            "count": 118
        },
        "AgenteRobot.Environment.EpisodeLength.sum": {
            "value": 19671.0,
            "min": 14341.0,
            "max": 20025.0,
            "count": 118
        },
        "AgenteRobot.Step.mean": {
            "value": 10839985.0,
            "min": 8499988.0,
            "max": 10839985.0,
            "count": 118
        },
        "AgenteRobot.Step.sum": {
            "value": 10839985.0,
            "min": 8499988.0,
            "max": 10839985.0,
            "count": 118
        },
        "AgenteRobot.Policy.ExtrinsicValueEstimate.mean": {
            "value": 4.298107147216797,
            "min": 3.6701231002807617,
            "max": 4.394085884094238,
            "count": 118
        },
        "AgenteRobot.Policy.ExtrinsicValueEstimate.sum": {
            "value": 2273.69873046875,
            "min": 1820.381103515625,
            "max": 2438.92529296875,
            "count": 118
        },
        "AgenteRobot.Environment.CumulativeReward.mean": {
            "value": 5.699278862155305,
            "min": 3.4907495452120267,
            "max": 5.868581548364672,
            "count": 118
        },
        "AgenteRobot.Environment.CumulativeReward.sum": {
            "value": 2729.954574972391,
            "min": 1560.365046709776,
            "max": 2857.975589245558,
            "count": 118
        },
        "AgenteRobot.Policy.ExtrinsicReward.mean": {
            "value": 5.699278862155305,
            "min": 3.4907495452120267,
            "max": 5.868581548364672,
            "count": 118
        },
        "AgenteRobot.Policy.ExtrinsicReward.sum": {
            "value": 2729.954574972391,
            "min": 1560.365046709776,
            "max": 2857.975589245558,
            "count": 118
        },
        "AgenteRobot.Environment.LessonNumber.randomBox.mean": {
            "value": 0.0,
            "min": 0.0,
            "max": 0.0,
            "count": 118
        },
        "AgenteRobot.Environment.LessonNumber.randomBox.sum": {
            "value": 0.0,
            "min": 0.0,
            "max": 0.0,
            "count": 118
        },
        "AgenteRobot.Environment.LessonNumber.randomCube.mean": {
            "value": 0.0,
            "min": 0.0,
            "max": 0.0,
            "count": 118
        },
        "AgenteRobot.Environment.LessonNumber.randomCube.sum": {
            "value": 0.0,
            "min": 0.0,
            "max": 0.0,
            "count": 118
        },
        "AgenteRobot.Environment.LessonNumber.grabBoxCurriculum.mean": {
            "value": 0.0,
            "min": 0.0,
            "max": 0.0,
            "count": 118
        },
        "AgenteRobot.Environment.LessonNumber.grabBoxCurriculum.sum": {
            "value": 0.0,
            "min": 0.0,
            "max": 0.0,
            "count": 118
        },
        "AgenteRobot.Environment.LessonNumber.rewardGrip.mean": {
            "value": 0.0,
            "min": 0.0,
            "max": 0.0,
            "count": 118
        },
        "AgenteRobot.Environment.LessonNumber.rewardGrip.sum": {
            "value": 0.0,
            "min": 0.0,
            "max": 0.0,
            "count": 118
        },
        "AgenteRobot.Environment.LessonNumber.rewardReleaseInArea.mean": {
            "value": 0.0,
            "min": 0.0,
            "max": 0.0,
            "count": 118
        },
        "AgenteRobot.Environment.LessonNumber.rewardReleaseInArea.sum": {
            "value": 0.0,
            "min": 0.0,
            "max": 0.0,
            "count": 118
        },
        "AgenteRobot.Environment.LessonNumber.rewardFinish.mean": {
            "value": 0.0,
            "min": 0.0,
            "max": 0.0,
            "count": 118
        },
        "AgenteRobot.Environment.LessonNumber.rewardFinish.sum": {
            "value": 0.0,
            "min": 0.0,
            "max": 0.0,
            "count": 118
        },
        "AgenteRobot.Environment.LessonNumber.rewardCubeKnockedOff.mean": {
            "value": 0.0,
            "min": 0.0,
            "max": 0.0,
            "count": 118
        },
        "AgenteRobot.Environment.LessonNumber.rewardCubeKnockedOff.sum": {
            "value": 0.0,
            "min": 0.0,
            "max": 0.0,
            "count": 118
        },
        "AgenteRobot.Environment.LessonNumber.rewardCubeReleased.mean": {
            "value": 0.0,
            "min": 0.0,
            "max": 0.0,
            "count": 118
        },
        "AgenteRobot.Environment.LessonNumber.rewardCubeReleased.sum": {
            "value": 0.0,
            "min": 0.0,
            "max": 0.0,
            "count": 118
        },
        "AgenteRobot.Environment.LessonNumber.rewardTime.mean": {
            "value": 0.0,
            "min": 0.0,
            "max": 0.0,
            "count": 118
        },
        "AgenteRobot.Environment.LessonNumber.rewardTime.sum": {
            "value": 0.0,
            "min": 0.0,
            "max": 0.0,
            "count": 118
        },
        "AgenteRobot.Losses.PolicyLoss.mean": {
            "value": 0.025031646245393117,
            "min": 0.017524741236465396,
            "max": 0.029850119276455155,
            "count": 118
        },
        "AgenteRobot.Losses.PolicyLoss.sum": {
            "value": 0.05006329249078623,
            "min": 0.017524741236465396,
            "max": 0.05970023855291031,
            "count": 118
        },
        "AgenteRobot.Losses.ValueLoss.mean": {
            "value": 1.4790713323487177,
            "min": 1.3684770862261453,
            "max": 1.8991515415686147,
            "count": 118
        },
        "AgenteRobot.Losses.ValueLoss.sum": {
            "value": 2.9581426646974354,
            "min": 1.4459510291064228,
            "max": 3.7983030831372293,
            "count": 118
        },
        "AgenteRobot.Policy.LearningRate.mean": {
            "value": 0.000229220829155845,
            "min": 0.000229220829155845,
            "max": 0.000287623767475255,
            "count": 118
        },
        "AgenteRobot.Policy.LearningRate.sum": {
            "value": 0.00045844165831169,
            "min": 0.00023525130294975002,
            "max": 0.0005744779601044249,
            "count": 118
        },
        "AgenteRobot.Policy.Epsilon.mean": {
            "value": 0.23753246500000005,
            "min": 0.23753246500000005,
            "max": 0.27257423500000005,
            "count": 118
        },
        "AgenteRobot.Policy.Epsilon.sum": {
            "value": 0.4750649300000001,
            "min": 0.24115075000000005,
            "max": 0.544686725,
            "count": 118
        },
        "AgenteRobot.Policy.Beta.mean": {
            "value": 0.002297623334500001,
            "min": 0.002297623334500001,
            "max": 0.0028804847755,
            "count": 118
        },
        "AgenteRobot.Policy.Beta.sum": {
            "value": 0.004595246669000002,
            "min": 0.0023578074750000007,
            "max": 0.0057532891925,
            "count": 118
        },
        "AgenteRobot.IsTraining.mean": {
            "value": 1.0,
            "min": 1.0,
            "max": 1.0,
            "count": 118
        },
        "AgenteRobot.IsTraining.sum": {
            "value": 1.0,
            "min": 1.0,
            "max": 1.0,
            "count": 118
        }
    },