{
    "name": "root",
    "gauges": {
        "TouchCubeMoveGail.Policy.Entropy.mean": {
            "value": 8.773694038391113,
            "min": 8.773694038391113,
            "max": 8.773694038391113,
            "count": 1
        },
        "TouchCubeMoveGail.Environment.EpisodeLength.mean": {
            "value": 23.702783300198806,
            "min": 23.702783300198806,
            "max": 23.702783300198806,
            "count": 1
        },
        "TouchCubeMoveGail.Policy.ExtrinsicValueEstimate.mean": {
            "value": -0.22244872152805328,
            "min": -0.22244872152805328,
            "max": -0.22244872152805328,
            "count": 1
        },
        "TouchCubeMoveGail.Environment.CumulativeReward.mean": {
            "value": -0.8105693766870409,
            "min": -0.8105693766870409,
            "max": -0.8105693766870409,
            "count": 1
        },
        "TouchCubeMoveGail.Policy.ExtrinsicReward.mean": {
            "value": -0.8105693766870409,
            "min": -0.8105693766870409,
            "max": -0.8105693766870409,
            "count": 1
        },
        "TouchCubeMoveGail.Losses.PolicyLoss.mean": {
            "value": 0.02317609811240497,
            "min": 0.02317609811240497,
            "max": 0.02317609811240497,
            "count": 1
        },
        "TouchCubeMoveGail.Losses.ValueLoss.mean": {
            "value": 0.0380950122140348,
            "min": 0.0380950122140348,
            "max": 0.0380950122140348,
            "count": 1
        },
        "TouchCubeMoveGail.Policy.LearningRate.mean": {
            "value": 0.0002845977051340999,
            "min": 0.0002845977051340999,
            "max": 0.0002845977051340999,
            "count": 1
        },
        "TouchCubeMoveGail.Policy.Epsilon.mean": {
            "value": 0.19486589999999998,
            "min": 0.19486589999999998,
            "max": 0.19486589999999998,
            "count": 1
        },
        "TouchCubeMoveGail.Policy.Beta.mean": {
            "value": 0.0047438084100000005,
            "min": 0.0047438084100000005,
            "max": 0.0047438084100000005,
            "count": 1
        },
        "TouchCubeMoveGail.IsTraining.mean": {
            "value": 1.0,
            "min": 1.0,
            "max": 1.0,
            "count": 1
        }
    },
    "metadata": {
        "timer_format_version": "0.1.0",
        "start_time_seconds": "1614792068",
        "python_version": "3.7.9 (tags/v3.7.9:13c94747c7, Aug 17 2020, 18:58:18) [MSC v.1900 64 bit (AMD64)]",
        "command_line_arguments": "C:\\Users\\ahrPo\\AppData\\Local\\Programs\\Python\\Python37\\Scripts\\mlagents-learn",
        "mlagents_version": "0.23.0",
        "mlagents_envs_version": "0.23.0",
        "communication_protocol_version": "1.3.0",
        "pytorch_version": "1.7.1+cu110",
        "numpy_version": "1.18.5",
        "end_time_seconds": "1614792781"
    },
    "total": 712.2114181000001,
    "count": 1,
    "self": 0.005347300000039468,
    "children": {
        "run_training.setup": {
            "total": 0.012875500000000262,
            "count": 1,
            "self": 0.012875500000000262
        },
        "TrainerController.start_learning": {
            "total": 712.1931953000001,
            "count": 1,
            "self": 0.1671278000012535,
            "children": {
                "TrainerController._reset_env": {
                    "total": 11.7617483,
                    "count": 1,
                    "self": 11.7617483
                },
                "TrainerController.advance": {
                    "total": 699.8261084999987,
                    "count": 5396,
                    "self": 0.08964369999966948,
                    "children": {
                        "env_step": {
                            "total": 699.736464799999,
                            "count": 5396,
                            "self": 657.0686283999975,
                            "children": {
                                "SubprocessEnvManager._take_step": {
                                    "total": 42.58049290000005,
                                    "count": 5396,
                                    "self": 0.34064560000019384,
                                    "children": {
                                        "TorchPolicy.evaluate": {
                                            "total": 42.23984729999986,
                                            "count": 3410,
                                            "self": 5.521335100002958,
                                            "children": {
                                                "TorchPolicy.sample_actions": {
                                                    "total": 36.7185121999969,
                                                    "count": 3410,
                                                    "self": 36.7185121999969
                                                }
                                            }
                                        }
                                    }
                                },
                                "workers": {
                                    "total": 0.08734350000144886,
                                    "count": 5395,
                                    "self": 0.0,
                                    "children": {
                                        "worker_root": {
                                            "total": 701.9076467,
                                            "count": 5395,
                                            "is_parallel": true,
                                            "self": 187.07691050000017,
                                            "children": {
                                                "steps_from_proto": {
                                                    "total": 0.0008183000000006047,
                                                    "count": 1,
                                                    "is_parallel": true,
                                                    "self": 0.00023599999999923682,
                                                    "children": {
                                                        "_process_vector_observation": {
                                                            "total": 0.0005823000000013678,
                                                            "count": 4,
                                                            "is_parallel": true,
                                                            "self": 0.0005823000000013678
                                                        }
                                                    }
                                                },
                                                "UnityEnvironment.step": {
                                                    "total": 514.8299178999998,
                                                    "count": 5395,
                                                    "is_parallel": true,
                                                    "self": 1.0897155000045586,
                                                    "children": {
                                                        "UnityEnvironment._generate_step_input": {
                                                            "total": 1.4169169999983904,
                                                            "count": 5395,
                                                            "is_parallel": true,
                                                            "self": 1.4169169999983904
                                                        },
                                                        "communicator.exchange": {
                                                            "total": 508.544665999998,
                                                            "count": 5395,