{
    "name": "root",
    "gauges": {
        "AgenteRobot.Policy.Entropy.mean": {
            "value": 3.5787079334259033,
            "min": 3.5610718727111816,
            "max": 5.74271297454834,
            "count": 367
        },
        "AgenteRobot.Policy.Entropy.sum": {
            "value": 71932.03125,
            "min": 70153.1171875,
            "max": 113317.296875,
            "count": 367
        },
        "AgenteRobot.Environment.EpisodeLength.mean": {
            "value": 29.286153846153844,
            "min": 27.826589595375722,
            "max": 40.07114624505929,
            "count": 367
        },
        "AgenteRobot.Environment.EpisodeLength.sum": {
            "value": 19036.0,
            "min": 11919.0,
            "max": 20276.0,
            "count": 367
        },
        "AgenteRobot.Step.mean": {
            "value": 14239987.0,
            "min": 6919973.0,
            "max": 14239987.0,
            "count": 367
        },
        "AgenteRobot.Step.sum": {
            "value": 14239987.0,
            "min": 6919973.0,
            "max": 14239987.0,
            "count": 367
        },
        "AgenteRobot.Policy.ExtrinsicValueEstimate.mean": {
            "value": 3.9789035320281982,
            "min": 0.8131073713302612,
            "max": 4.287093639373779,
            "count": 367
        },
        "AgenteRobot.Policy.ExtrinsicValueEstimate.sum": {
            "value": 2797.169189453125,
            "min": 369.9638671875,
            "max": 3065.48291015625,
            "count": 367
        },
        "AgenteRobot.Environment.CumulativeReward.mean": {
            "value": 5.068586254312146,
            "min": 1.9996404996387975,
            "max": 5.4578521857780915,
            "count": 367
        },
        "AgenteRobot.Environment.CumulativeReward.sum": {
            "value": 3299.649651557207,
            "min": 801.8558403551579,
            "max": 3724.3431130945683,
            "count": 367
        },
        "AgenteRobot.Policy.ExtrinsicReward.mean": {
            "value": 5.068586254312146,
            "min": 1.9996404996387975,
            "max": 5.4578521857780915,
            "count": 367
        },
        "AgenteRobot.Policy.ExtrinsicReward.sum": {
            "value": 3299.649651557207,
            "min": 801.8558403551579,
            "max": 3724.3431130945683,
            "count": 367
        },
        "AgenteRobot.Environment.LessonNumber.randomBox.mean": {
            "value": 0.0,
            "min": 0.0,
            "max": 0.0,
            "count": 367
        },
        "AgenteRobot.Environment.LessonNumber.randomBox.sum": {
            "value": 0.0,
            "min": 0.0,
            "max": 0.0,
            "count": 367
        },
        "AgenteRobot.Environment.LessonNumber.randomCube.mean": {
            "value": 0.0,
            "min": 0.0,
            "max": 0.0,
            "count": 367
        },
        "AgenteRobot.Environment.LessonNumber.randomCube.sum": {
            "value": 0.0,
            "min": 0.0,
            "max": 0.0,
            "count": 367
        },
        "AgenteRobot.Environment.LessonNumber.grabBoxCurriculum.mean": {
            "value": 0.0,
            "min": 0.0,
            "max": 0.0,
            "count": 367
        },
        "AgenteRobot.Environment.LessonNumber.grabBoxCurriculum.sum": {
            "value": 0.0,
            "min": 0.0,
            "max": 0.0,
            "count": 367
        },
        "AgenteRobot.Environment.LessonNumber.rewardGrip.mean": {
            "value": 0.0,
            "min": 0.0,
            "max": 0.0,
            "count": 367
        },
        "AgenteRobot.Environment.LessonNumber.rewardGrip.sum": {
            "value": 0.0,
            "min": 0.0,
            "max": 0.0,
            "count": 367
        },
        "AgenteRobot.Environment.LessonNumber.rewardReleaseInArea.mean": {
            "value": 0.0,
            "min": 0.0,
            "max": 0.0,
            "count": 367
        },
        "AgenteRobot.Environment.LessonNumber.rewardReleaseInArea.sum": {
            "value": 0.0,
            "min": 0.0,
            "max": 0.0,
            "count": 367
        },
        "AgenteRobot.Environment.LessonNumber.rewardFinish.mean": {
            "value": 0.0,
            "min": 0.0,
            "max": 0.0,
            "count": 367
        },
        "AgenteRobot.Environment.LessonNumber.rewardFinish.sum": {
            "value": 0.0,
            "min": 0.0,
            "max": 0.0,
            "count": 367
        },
        "AgenteRobot.Environment.LessonNumber.rewardCubeKnockedOff.mean": {
            "value": 0.0,
            "min": 0.0,
            "max": 0.0,
            "count": 367
        },
        "AgenteRobot.Environment.LessonNumber.rewardCubeKnockedOff.sum": {
            "value": 0.0,
            "min": 0.0,
            "max": 0.0,
            "count": 367
        },
        "AgenteRobot.Environment.LessonNumber.rewardCubeReleased.mean": {
            "value": 0.0,
            "min": 0.0,
            "max": 0.0,
            "count": 367
        },
        "AgenteRobot.Environment.LessonNumber.rewardCubeReleased.sum": {
            "value": 0.0,
            "min": 0.0,
            "max": 0.0,
            "count": 367
        },
        "AgenteRobot.Environment.LessonNumber.rewardTime.mean": {
            "value": 0.0,
            "min": 0.0,
            "max": 0.0,
            "count": 367
        },
        "AgenteRobot.Environment.LessonNumber.rewardTime.sum": {
            "value": 0.0,
            "min": 0.0,
            "max": 0.0,
            "count": 367
        },
        "AgenteRobot.Losses.PolicyLoss.mean": {
            "value": 0.02452719614612525,
            "min": 0.015577247614230684,
            "max": 0.03324249171419069,
            "count": 367
        },
        "AgenteRobot.Losses.PolicyLoss.sum": {
            "value": 0.0490543922922505,
            "min": 0.016214989919077466,
            "max": 0.06648498342838138,
            "count": 367
        },
        "AgenteRobot.Losses.ValueLoss.mean": {
            "value": 1.0713038775655959,
            "min": 1.0258702977939889,
            "max": 1.9284999679636072,
            "count": 367
        },
        "AgenteRobot.Losses.ValueLoss.sum": {
            "value": 2.1426077551311917,
            "min": 1.066331066467144,
            "max": 3.602110434461523,
            "count": 367
        },
        "AgenteRobot.Policy.LearningRate.mean": {
            "value": 2.5650561536573344e-05,
            "min": 2.5650561536573344e-05,
            "max": 0.00026941824611636004,
            "count": 367
        },
        "AgenteRobot.Policy.LearningRate.sum": {
            "value": 5.130112307314669e-05,
            "min": 3.30045933991e-05,
            "max": 0.0005378105924379001,
            "count": 367
        },
        "AgenteRobot.Policy.Epsilon.mean": {
            "value": 0.1102601866666667,
            "min": 0.1102601866666667,
            "max": 0.20776727999999997,
            "count": 367
        },
        "AgenteRobot.Policy.Epsilon.sum": {
            "value": 0.2205203733333334,
            "min": 0.11320180000000002,
            "max": 0.41512420000000005,
            "count": 367
        },
        "AgenteRobot.Policy.Beta.mean": {
            "value": 0.0002659916573333335,
            "min": 0.0002659916573333335,
            "max": 0.0026987936359999993,
            "count": 367
        },
        "AgenteRobot.Policy.Beta.sum": {
            "value": 0.000531983314666667,
            "min": 0.0003393849100000001,
            "max": 0.00538734879,
            "count": 367
        },
        "AgenteRobot.IsTraining.mean": {
            "value": 1.0,
            "min": 1.0,
            "max": 1.0,
            "count": 367
        },
        "AgenteRobot.IsTraining.sum": {
            "value": 1.0,
            "min": 1.0,
            "max": 1.0,
            "count": 367
        }
    },