{
    "name": "root",
    "gauges": {
        "TouchCubeMoveGail.Policy.Entropy.mean": {
            "value": 8.626873016357422,
            "min": 8.54202651977539,
            "max": 8.788228988647461,
            "count": 112
        },
        "TouchCubeMoveGail.Environment.EpisodeLength.mean": {
            "value": 54.70422535211268,
            "min": 46.82238442822384,
            "max": 75.61153846153846,
            "count": 112
        },
        "TouchCubeMoveGail.Policy.ExtrinsicValueEstimate.mean": {
            "value": -0.6251027584075928,
            "min": -0.9266307950019836,
            "max": 0.04486290365457535,
            "count": 112
        },
        "TouchCubeMoveGail.Environment.CumulativeReward.mean": {
            "value": -0.5422042335422945,
            "min": -1.0390656541762404,
            "max": -0.40690367725828736,
            "count": 112
        },
        "TouchCubeMoveGail.Policy.ExtrinsicReward.mean": {
            "value": -0.5422042335422945,
            "min": -1.0390656541762404,
            "max": -0.40690367725828736,
            "count": 112
        },
        "TouchCubeMoveGail.Losses.PolicyLoss.mean": {
            "value": 0.020001539743194977,
            "min": 0.018990281278577943,
            "max": 0.030456936995809276,
            "count": 112
        },
        "TouchCubeMoveGail.Losses.ValueLoss.mean": {
            "value": 0.05712276368091504,
            "min": 0.0014638091146480293,
            "max": 0.11837047580629588,
            "count": 112
        },
        "TouchCubeMoveGail.Policy.LearningRate.mean": {
            "value": 0.00023323584725472502,
            "min": 0.00023323584725472502,
            "max": 0.00029967330010889995,
            "count": 112
        },
        "TouchCubeMoveGail.Policy.Epsilon.mean": {
            "value": 0.177745275,
            "min": 0.177745275,
            "max": 0.19989110000000007,
            "count": 112
        },
        "TouchCubeMoveGail.Policy.Beta.mean": {
            "value": 0.0038894892225000005,
            "min": 0.0038894892225000005,
            "max": 0.004994565889999999,
            "count": 112
        },
        "TouchCubeMoveGail.IsTraining.mean": {
            "value": 1.0,
            "min": 1.0,
            "max": 1.0,
            "count": 112
        }
    },
    "metadata": {
        "timer_format_version": "0.1.0",
        "start_time_seconds": "1616405875",
        "python_version": "3.7.9 (tags/v3.7.9:13c94747c7, Aug 17 2020, 18:58:18) [MSC v.1900 64 bit (AMD64)]",
        "command_line_arguments": "C:\\Users\\ahrPo\\AppData\\Local\\Programs\\Python\\Python37\\Scripts\\mlagents-learn Config\\gail.yaml --run-id=move_noGail --force",
        "mlagents_version": "0.23.0",
        "mlagents_envs_version": "0.23.0",
        "communication_protocol_version": "1.3.0",
        "pytorch_version": "1.7.1+cu110",
        "numpy_version": "1.19.5",
        "end_time_seconds": "1616412599"
    },
    "total": 6723.9075981,
    "count": 1,
    "self": 0.005853200000274228,
    "children": {
        "run_training.setup": {
            "total": 0.013800000000000257,
            "count": 1,
            "self": 0.013800000000000257
        },
        "TrainerController.start_learning": {
            "total": 6723.8879449,
            "count": 1,
            "self": 2.0320150999750695,
            "children": {
                "TrainerController._reset_env": {
                    "total": 10.5385373,
                    "count": 1,
                    "self": 10.5385373
                },
                "TrainerController.advance": {
                    "total": 6711.051610500025,
                    "count": 72304,
                    "self": 1.1166310000826343,
                    "children": {
                        "env_step": {
                            "total": 6709.9349794999425,
                            "count": 72304,
                            "self": 6254.158560899977,
                            "children": {
                                "SubprocessEnvManager._take_step": {
                                    "total": 454.71583099993114,
                                    "count": 72304,
                                    "self": 4.278110199875414,
                                    "children": {
                                        "TorchPolicy.evaluate": {
                                            "total": 450.43772080005573,
                                            "count": 37661,
                                            "self": 72.7927167000592,
                                            "children": {
                                                "TorchPolicy.sample_actions": {
                                                    "total": 377.6450040999965,
                                                    "count": 37661,
                                                    "self": 377.6450040999965
                                                }
                                            }
                                        }
                                    }
                                },
                                "workers": {
                                    "total": 1.0605876000345145,
                                    "count": 72303,
                                    "self": 0.0,
                                    "children": {
                                        "worker_root": {
                                            "total": 6714.026573499969,
                                            "count": 72303,
                                            "is_parallel": true,
                                            "self": 729.4452694999363,
                                            "children": {
                                                "steps_from_proto": {
                                                    "total": 0.00326990000000027,
                                                    "count": 1,
                                                    "is_parallel": true,
                                                    "self": 0.0005597000000001628,
                                                    "children": {
                                                        "_process_vector_observation": {
                                                            "total": 0.002710200000000107,
                                                            "count": 4,
                                                            "is_parallel": true,
                                                            "self": 0.002710200000000107
                                                        }
                                                    }
                                                },
                                                "UnityEnvironment.step": {
                                                    "total": 5984.578034100033,
                                                    "count": 72303,
                                                    "is_parallel": true,
                                                    "self": 24.568638199970337,
                                                    "children": {
                                                        "UnityEnvironment._generate_step_input": {
                                                            "total": 40.567593300018075,
                                                            "count": 72303,
                                                            "is_parallel": true,
                                                            "self": 40.567593300018075
                                                        },
                                                        "communicator.exchange": {
                                                            "total": 5817.266576400042,