{
    "name": "root",
    "gauges": {
        "TouchCubeMoveGail.Policy.Entropy.mean": {
            "value": 5.783496379852295,
            "min": 5.783496379852295,
            "max": 8.77304458618164,
            "count": 5
        },
        "TouchCubeMoveGail.Policy.Entropy.sum": {
            "value": 115901.265625,
            "min": 115901.265625,
            "max": 176864.578125,
            "count": 5
        },
        "TouchCubeMoveGail.Environment.EpisodeLength.mean": {
            "value": 4.066073697585769,
            "min": 4.000497636227918,
            "max": 4.066073697585769,
            "count": 5
        },
        "TouchCubeMoveGail.Environment.EpisodeLength.sum": {
            "value": 16000.0,
            "min": 15967.0,
            "max": 16090.0,
            "count": 5
        },
        "TouchCubeMoveGail.Step.mean": {
            "value": 99995.0,
            "min": 19997.0,
            "max": 99995.0,
            "count": 5
        },
        "TouchCubeMoveGail.Step.sum": {
            "value": 99995.0,
            "min": 19997.0,
            "max": 99995.0,
            "count": 5
        },
        "TouchCubeMoveGail.Policy.ExtrinsicValueEstimate.mean": {
            "value": -0.5732669234275818,
            "min": -0.9784159660339355,
            "max": -0.32297542691230774,
            "count": 5
        },
        "TouchCubeMoveGail.Policy.ExtrinsicValueEstimate.sum": {
            "value": -2263.2578125,
            "min": -3870.613525390625,
            "max": -1291.5787353515625,
            "count": 5
        },
        "TouchCubeMoveGail.Environment.CumulativeReward.mean": {
            "value": -0.8685618634916004,
            "min": -0.8685618634916004,
            "max": -0.8276049531856516,
            "count": 5
        },
        "TouchCubeMoveGail.Environment.CumulativeReward.sum": {
            "value": -3429.0822370648384,
            "min": -3429.322234094143,
            "max": -3293.2222224473953,
            "count": 5
        },
        "TouchCubeMoveGail.Policy.ExtrinsicReward.mean": {
            "value": -0.8685618634916004,
            "min": -0.8685618634916004,
            "max": -0.8276049531856516,
            "count": 5
        },
        "TouchCubeMoveGail.Policy.ExtrinsicReward.sum": {
            "value": -3429.0822370648384,
            "min": -3429.322234094143,
            "max": -3293.2222224473953,
            "count": 5
        },
        "TouchCubeMoveGail.Environment.LessonNumber.randomBox.mean": {
            "value": 0.0,
            "min": 0.0,
            "max": 0.0,
            "count": 5
        },
        "TouchCubeMoveGail.Environment.LessonNumber.randomBox.sum": {
            "value": 0.0,
            "min": 0.0,
            "max": 0.0,
            "count": 5
        },
        "TouchCubeMoveGail.Environment.LessonNumber.randomCube.mean": {
            "value": 0.0,
            "min": 0.0,
            "max": 0.0,
            "count": 5
        },
        "TouchCubeMoveGail.Environment.LessonNumber.randomCube.sum": {
            "value": 0.0,
            "min": 0.0,
            "max": 0.0,
            "count": 5
        },
        "TouchCubeMoveGail.Environment.LessonNumber.grabBoxCurriculum.mean": {
            "value": 0.0,
            "min": 0.0,
            "max": 0.0,
            "count": 5
        },
        "TouchCubeMoveGail.Environment.LessonNumber.grabBoxCurriculum.sum": {
            "value": 0.0,
            "min": 0.0,
            "max": 0.0,
            "count": 5
        },
        "TouchCubeMoveGail.Environment.LessonNumber.rewardGrip.mean": {
            "value": 0.0,
            "min": 0.0,
            "max": 0.0,
            "count": 5
        },
        "TouchCubeMoveGail.Environment.LessonNumber.rewardGrip.sum": {
            "value": 0.0,
            "min": 0.0,
            "max": 0.0,
            "count": 5
        },
        "TouchCubeMoveGail.Environment.LessonNumber.rewardReleaseInArea.mean": {
            "value": 0.0,
            "min": 0.0,
            "max": 0.0,
            "count": 5
        },
        "TouchCubeMoveGail.Environment.LessonNumber.rewardReleaseInArea.sum": {
            "value": 0.0,
            "min": 0.0,
            "max": 0.0,
            "count": 5
        },
        "TouchCubeMoveGail.Environment.LessonNumber.rewardFinish.mean": {
            "value": 0.0,
            "min": 0.0,
            "max": 0.0,
            "count": 5
        },
        "TouchCubeMoveGail.Environment.LessonNumber.rewardFinish.sum": {
            "value": 0.0,
            "min": 0.0,
            "max": 0.0,
            "count": 5
        },
        "TouchCubeMoveGail.Environment.LessonNumber.rewardCubeKnockedOff.mean": {
            "value": 0.0,
            "min": 0.0,
            "max": 0.0,
            "count": 5
        },
        "TouchCubeMoveGail.Environment.LessonNumber.rewardCubeKnockedOff.sum": {
            "value": 0.0,
            "min": 0.0,
            "max": 0.0,
            "count": 5
        },
        "TouchCubeMoveGail.Environment.LessonNumber.rewardCubeReleased.mean": {
            "value": 0.0,
            "min": 0.0,
            "max": 0.0,
            "count": 5
        },
        "TouchCubeMoveGail.Environment.LessonNumber.rewardCubeReleased.sum": {
            "value": 0.0,
            "min": 0.0,
            "max": 0.0,
            "count": 5
        },
        "TouchCubeMoveGail.Environment.LessonNumber.rewardTime.mean": {
            "value": 0.0,
            "min": 0.0,
            "max": 0.0,
            "count": 5
        },
        "TouchCubeMoveGail.Environment.LessonNumber.rewardTime.sum": {
            "value": 0.0,
            "min": 0.0,
            "max": 0.0,
            "count": 5
        },
        "TouchCubeMoveGail.Environment.LessonNumber.curriculumGrip.mean": {
            "value": 0.0,
            "min": 0.0,
            "max": 0.0,
            "count": 5
        },
        "TouchCubeMoveGail.Environment.LessonNumber.curriculumGrip.sum": {
            "value": 0.0,
            "min": 0.0,
            "max": 0.0,
            "count": 5
        },
        "TouchCubeMoveGail.Environment.LessonNumber.rotation.mean": {
            "value": 0.0,
            "min": 0.0,
            "max": 0.0,
            "count": 5
        },
        "TouchCubeMoveGail.Environment.LessonNumber.rotation.sum": {
            "value": 0.0,
            "min": 0.0,
            "max": 0.0,
            "count": 5
        },
        "TouchCubeMoveGail.Losses.PolicyLoss.mean": {
            "value": 0.030133531102910636,
            "min": 0.021228087763302025,
            "max": 0.030133531102910636,
            "count": 5
        },
        "TouchCubeMoveGail.Losses.PolicyLoss.sum": {
            "value": 0.06026706220582127,
            "min": 0.022690585860982538,
            "max": 0.06026706220582127,
            "count": 5
        },
        "TouchCubeMoveGail.Losses.ValueLoss.mean": {
            "value": 0.012406995054334402,
            "min": 0.012406995054334402,
            "max": 0.08287230047086874,
            "count": 5
        },
        "TouchCubeMoveGail.Losses.ValueLoss.sum": {
            "value": 0.024813990108668804,
            "min": 0.024813990108668804,
            "max": 0.14014727026224136,
            "count": 5
        },
        "TouchCubeMoveGail.Policy.LearningRate.mean": {
            "value": 0.0004970899172486833,
            "min": 0.0004970899172486833,
            "max": 0.0004996585334016266,
            "count": 5
        },
        "TouchCubeMoveGail.Policy.LearningRate.sum": {
            "value": 0.0009941798344973666,
            "min": 0.0004996585334016266,
            "max": 0.0009982850003430004,
            "count": 5
        },
        "TouchCubeMoveGail.Policy.Epsilon.mean": {
            "value": 0.2988359666666667,
            "min": 0.2988359666666667,
            "max": 0.2998634133333334,
            "count": 5
        },