{
    "name": "root",
    "gauges": {
        "AgenteRobot.Policy.Entropy.mean": {
            "value": 5.353882312774658,
            "min": 5.00870943069458,
            "max": 5.383908271789551,
            "count": 23
        },
        "AgenteRobot.Policy.Entropy.sum": {
            "value": 107613.03125,
            "min": 34667.6796875,
            "max": 110681.6171875,
            "count": 23
        },
        "AgenteRobot.Environment.EpisodeLength.mean": {
            "value": 25.675962815405047,
            "min": 14.317507418397627,
            "max": 26.630705394190873,
            "count": 23
        },
        "AgenteRobot.Environment.EpisodeLength.sum": {
            "value": 19334.0,
            "min": 4825.0,
            "max": 19359.0,
            "count": 23
        },
        "AgenteRobot.Step.mean": {
            "value": 3799987.0,
            "min": 3359987.0,
            "max": 3799987.0,
            "count": 23
        },
        "AgenteRobot.Step.sum": {
            "value": 3799987.0,
            "min": 3359987.0,
            "max": 3799987.0,
            "count": 23
        },
        "AgenteRobot.Policy.ExtrinsicValueEstimate.mean": {
            "value": 0.4881785809993744,
            "min": 0.3628460168838501,
            "max": 0.5643962025642395,
            "count": 23
        },
        "AgenteRobot.Policy.ExtrinsicValueEstimate.sum": {
            "value": 367.11029052734375,
            "min": 121.916259765625,
            "max": 452.08135986328125,
            "count": 23
        },
        "AgenteRobot.Environment.CumulativeReward.mean": {
            "value": 0.4476316175720793,
            "min": 0.1303720059139388,
            "max": 0.583780824762748,
            "count": 23
        },
        "AgenteRobot.Environment.CumulativeReward.sum": {
            "value": 336.61897641420364,
            "min": 43.804993987083435,
            "max": 463.52197486162186,
            "count": 23
        },
        "AgenteRobot.Policy.ExtrinsicReward.mean": {
            "value": 0.4476316175720793,
            "min": 0.1303720059139388,
            "max": 0.583780824762748,
            "count": 23
        },
        "AgenteRobot.Policy.ExtrinsicReward.sum": {
            "value": 336.61897641420364,
            "min": 43.804993987083435,
            "max": 463.52197486162186,
            "count": 23
        },
        "AgenteRobot.Environment.LessonNumber.randomBox.mean": {
            "value": 0.0,
            "min": 0.0,
            "max": 0.0,
            "count": 23
        },
        "AgenteRobot.Environment.LessonNumber.randomBox.sum": {
            "value": 0.0,
            "min": 0.0,
            "max": 0.0,
            "count": 23
        },
        "AgenteRobot.Environment.LessonNumber.randomCube.mean": {
            "value": 0.0,
            "min": 0.0,
            "max": 0.0,
            "count": 23
        },
        "AgenteRobot.Environment.LessonNumber.randomCube.sum": {
            "value": 0.0,
            "min": 0.0,
            "max": 0.0,
            "count": 23
        },
        "AgenteRobot.Environment.LessonNumber.grabBoxCurriculum.mean": {
            "value": 0.0,
            "min": 0.0,
            "max": 0.0,
            "count": 23
        },
        "AgenteRobot.Environment.LessonNumber.grabBoxCurriculum.sum": {
            "value": 0.0,
            "min": 0.0,
            "max": 0.0,
            "count": 23
        },
        "AgenteRobot.Environment.LessonNumber.rewardGrip.mean": {
            "value": 0.0,
            "min": 0.0,
            "max": 0.0,
            "count": 23
        },
        "AgenteRobot.Environment.LessonNumber.rewardGrip.sum": {
            "value": 0.0,
            "min": 0.0,
            "max": 0.0,
            "count": 23
        },
        "AgenteRobot.Environment.LessonNumber.rewardReleaseInArea.mean": {
            "value": 0.0,
            "min": 0.0,
            "max": 0.0,
            "count": 23
        },
        "AgenteRobot.Environment.LessonNumber.rewardReleaseInArea.sum": {
            "value": 0.0,
            "min": 0.0,
            "max": 0.0,
            "count": 23
        },
        "AgenteRobot.Environment.LessonNumber.rewardFinish.mean": {
            "value": 0.0,
            "min": 0.0,
            "max": 0.0,
            "count": 23
        },
        "AgenteRobot.Environment.LessonNumber.rewardFinish.sum": {
            "value": 0.0,
            "min": 0.0,
            "max": 0.0,
            "count": 23
        },
        "AgenteRobot.Environment.LessonNumber.rewardCubeKnockedOff.mean": {
            "value": 0.0,
            "min": 0.0,
            "max": 0.0,
            "count": 23
        },
        "AgenteRobot.Environment.LessonNumber.rewardCubeKnockedOff.sum": {
            "value": 0.0,
            "min": 0.0,
            "max": 0.0,
            "count": 23
        },
        "AgenteRobot.Environment.LessonNumber.rewardCubeReleased.mean": {
            "value": 0.0,
            "min": 0.0,
            "max": 0.0,
            "count": 23
        },
        "AgenteRobot.Environment.LessonNumber.rewardCubeReleased.sum": {
            "value": 0.0,
            "min": 0.0,
            "max": 0.0,
            "count": 23
        },
        "AgenteRobot.Environment.LessonNumber.rewardTime.mean": {
            "value": 0.0,
            "min": 0.0,
            "max": 0.0,
            "count": 23
        },
        "AgenteRobot.Environment.LessonNumber.rewardTime.sum": {
            "value": 0.0,
            "min": 0.0,
            "max": 0.0,
            "count": 23
        },
        "AgenteRobot.IsTraining.mean": {
            "value": 1.0,
            "min": 1.0,
            "max": 1.0,
            "count": 23
        },
        "AgenteRobot.IsTraining.sum": {
            "value": 1.0,
            "min": 1.0,
            "max": 1.0,
            "count": 23
        },
        "AgenteRobot.Losses.PolicyLoss.mean": {
            "value": 0.02204286771572057,
            "min": 0.018128780253054748,
            "max": 0.029036253273564704,
            "count": 22
        },
        "AgenteRobot.Losses.PolicyLoss.sum": {
            "value": 0.04408573543144114,
            "min": 0.01967005885806564,
            "max": 0.05807250654712941,
            "count": 22
        },
        "AgenteRobot.Losses.ValueLoss.mean": {
            "value": 0.5054000715414684,
            "min": 0.4788822686230695,
            "max": 0.5878313702565652,
            "count": 22
        },
        "AgenteRobot.Losses.ValueLoss.sum": {
            "value": 1.0108001430829368,
            "min": 0.5441637657306813,
            "max": 1.1756627405131304,
            "count": 22
        },
        "AgenteRobot.Policy.LearningRate.mean": {
            "value": 0.0004052252814549474,
            "min": 0.0004052252814549474,
            "max": 0.0004157437793512475,
            "count": 22
        },
        "AgenteRobot.Policy.LearningRate.sum": {
            "value": 0.0008104505629098948,
            "min": 0.00041125456774909,
            "max": 0.000831487558702495,
            "count": 22
        },
        "AgenteRobot.Policy.Epsilon.mean": {
            "value": 0.26209010499999996,
            "min": 0.26209010499999996,
            "max": 0.26629750500000005,
            "count": 22
        },
        "AgenteRobot.Policy.Epsilon.sum": {
            "value": 0.5241802099999999,
            "min": 0.26450181999999994,
            "max": 0.5325950100000001,
            "count": 22
        },
        "AgenteRobot.Policy.Beta.mean": {
            "value": 0.00405414811975,
            "min": 0.00405414811975,
            "max": 0.004159122749749999,
            "count": 22
        },
        "AgenteRobot.Policy.Beta.sum": {
            "value": 0.0081082962395,
            "min": 0.004114320409000001,
            "max": 0.008318245499499999,
            "count": 22
        }
    },
    "metadata": {
        "timer_format_version": "0.1.0",