{
    "name": "root",
    "gauges": {
        "TouchCubeMoveGail.Policy.Entropy.mean": {
            "value": 5.709019660949707,
            "min": 5.559258460998535,
            "max": 8.739396095275879,
            "count": 206
        },
        "TouchCubeMoveGail.Policy.Entropy.sum": {
            "value": 113723.671875,
            "min": 26608.66015625,
            "max": 183527.3125,
            "count": 206
        },
        "TouchCubeMoveGail.Environment.EpisodeLength.mean": {
            "value": 10.243517474633597,
            "min": 10.08980044345898,
            "max": 47.90070921985816,
            "count": 206
        },
        "TouchCubeMoveGail.Environment.EpisodeLength.sum": {
            "value": 18172.0,
            "min": 1457.0,
            "max": 20263.0,
            "count": 206
        },
        "TouchCubeMoveGail.Step.mean": {
            "value": 4199991.0,
            "min": 99974.0,
            "max": 4199991.0,
            "count": 206
        },
        "TouchCubeMoveGail.Step.sum": {
            "value": 4199991.0,
            "min": 99974.0,
            "max": 4199991.0,
            "count": 206
        },
        "TouchCubeMoveGail.Policy.ExtrinsicValueEstimate.mean": {
            "value": -1.0603504180908203,
            "min": -3.322732925415039,
            "max": -1.0528193712234497,
            "count": 206
        },
        "TouchCubeMoveGail.Policy.ExtrinsicValueEstimate.sum": {
            "value": -1882.1220703125,
            "min": -1899.96533203125,
            "max": -235.91403198242188,
            "count": 206
        },
        "TouchCubeMoveGail.Environment.CumulativeReward.mean": {
            "value": -1.2015003203338301,
            "min": -1.2783325219935073,
            "max": -0.9869878321230265,
            "count": 206
        },
        "TouchCubeMoveGail.Environment.CumulativeReward.sum": {
            "value": -2132.6630685925484,
            "min": -2164.361068725586,
            "max": -71.04200053215027,
            "count": 206
        },
        "TouchCubeMoveGail.Policy.ExtrinsicReward.mean": {
            "value": -1.2015003203338301,
            "min": -1.2783325219935073,
            "max": -0.9869878321230265,
            "count": 206
        },
        "TouchCubeMoveGail.Policy.ExtrinsicReward.sum": {
            "value": -2132.6630685925484,
            "min": -2164.361068725586,
            "max": -71.04200053215027,
            "count": 206
        },
        "TouchCubeMoveGail.Environment.LessonNumber.randomBox.mean": {
            "value": 0.0,
            "min": 0.0,
            "max": 0.0,
            "count": 206
        },
        "TouchCubeMoveGail.Environment.LessonNumber.randomBox.sum": {
            "value": 0.0,
            "min": 0.0,
            "max": 0.0,
            "count": 206
        },
        "TouchCubeMoveGail.Environment.LessonNumber.randomCube.mean": {
            "value": 0.0,
            "min": 0.0,
            "max": 0.0,
            "count": 206
        },
        "TouchCubeMoveGail.Environment.LessonNumber.randomCube.sum": {
            "value": 0.0,
            "min": 0.0,
            "max": 0.0,
            "count": 206
        },
        "TouchCubeMoveGail.Environment.LessonNumber.grabBoxCurriculum.mean": {
            "value": 0.0,
            "min": 0.0,
            "max": 0.0,
            "count": 206
        },
        "TouchCubeMoveGail.Environment.LessonNumber.grabBoxCurriculum.sum": {
            "value": 0.0,
            "min": 0.0,
            "max": 0.0,
            "count": 206
        },
        "TouchCubeMoveGail.Environment.LessonNumber.rewardGrip.mean": {
            "value": 0.0,
            "min": 0.0,
            "max": 0.0,
            "count": 206
        },
        "TouchCubeMoveGail.Environment.LessonNumber.rewardGrip.sum": {
            "value": 0.0,
            "min": 0.0,
            "max": 0.0,
            "count": 206
        },
        "TouchCubeMoveGail.Environment.LessonNumber.rewardReleaseInArea.mean": {
            "value": 0.0,
            "min": 0.0,
            "max": 0.0,
            "count": 206
        },
        "TouchCubeMoveGail.Environment.LessonNumber.rewardReleaseInArea.sum": {
            "value": 0.0,
            "min": 0.0,
            "max": 0.0,
            "count": 206
        },
        "TouchCubeMoveGail.Environment.LessonNumber.rewardFinish.mean": {
            "value": 0.0,
            "min": 0.0,
            "max": 0.0,
            "count": 206
        },
        "TouchCubeMoveGail.Environment.LessonNumber.rewardFinish.sum": {
            "value": 0.0,
            "min": 0.0,
            "max": 0.0,
            "count": 206
        },
        "TouchCubeMoveGail.Environment.LessonNumber.rewardCubeKnockedOff.mean": {
            "value": 0.0,
            "min": 0.0,
            "max": 0.0,
            "count": 206
        },
        "TouchCubeMoveGail.Environment.LessonNumber.rewardCubeKnockedOff.sum": {
            "value": 0.0,
            "min": 0.0,
            "max": 0.0,
            "count": 206
        },
        "TouchCubeMoveGail.Environment.LessonNumber.rewardCubeReleased.mean": {
            "value": 0.0,
            "min": 0.0,
            "max": 0.0,
            "count": 206
        },
        "TouchCubeMoveGail.Environment.LessonNumber.rewardCubeReleased.sum": {
            "value": 0.0,
            "min": 0.0,
            "max": 0.0,
            "count": 206
        },
        "TouchCubeMoveGail.Environment.LessonNumber.rewardTime.mean": {
            "value": 0.0,
            "min": 0.0,
            "max": 0.0,
            "count": 206
        },
        "TouchCubeMoveGail.Environment.LessonNumber.rewardTime.sum": {
            "value": 0.0,
            "min": 0.0,
            "max": 0.0,
            "count": 206
        },
        "TouchCubeMoveGail.Environment.LessonNumber.curriculumGrip.mean": {
            "value": 0.0,
            "min": 0.0,
            "max": 0.0,
            "count": 206
        },
        "TouchCubeMoveGail.Environment.LessonNumber.curriculumGrip.sum": {
            "value": 0.0,
            "min": 0.0,
            "max": 0.0,
            "count": 206
        },
        "TouchCubeMoveGail.Environment.LessonNumber.rotation.mean": {
            "value": 0.0,
            "min": 0.0,
            "max": 0.0,
            "count": 206
        },
        "TouchCubeMoveGail.Environment.LessonNumber.rotation.sum": {
            "value": 0.0,
            "min": 0.0,
            "max": 0.0,
            "count": 206
        },
        "TouchCubeMoveGail.IsTraining.mean": {
            "value": 1.0,
            "min": 1.0,
            "max": 1.0,
            "count": 206
        },
        "TouchCubeMoveGail.IsTraining.sum": {
            "value": 1.0,
            "min": 1.0,
            "max": 1.0,
            "count": 206
        },
        "TouchCubeMoveGail.Losses.PolicyLoss.mean": {
            "value": 0.02099931398406625,
            "min": 0.015792314789723604,
            "max": 0.030237446050159635,
            "count": 205
        },
        "TouchCubeMoveGail.Losses.PolicyLoss.sum": {
            "value": 0.0419986279681325,
            "min": 0.019146373169496654,
            "max": 0.06047489210031927,
            "count": 205
        },
        "TouchCubeMoveGail.Losses.ValueLoss.mean": {
            "value": 0.0026166568393819036,
            "min": 0.0017505464958958328,
            "max": 0.27125078787406287,
            "count": 205
        },
        "TouchCubeMoveGail.Losses.ValueLoss.sum": {
            "value": 0.005233313678763807,
            "min": 0.0017505464958958328,
            "max": 0.5425015757481257,
            "count": 205
        },
        "TouchCubeMoveGail.Policy.LearningRate.mean": {
            "value": 4.858670380446001e-05,
            "min": 4.858670380446001e-05,
            "max": 0.00029336334221222,
            "count": 205
        },