{
    "name": "root",
    "metadata": {
        "timer_format_version": "0.1.0",
        "start_time_seconds": "1618082962",
        "python_version": "3.7.9 (tags/v3.7.9:13c94747c7, Aug 17 2020, 18:58:18) [MSC v.1900 64 bit (AMD64)]",
        "command_line_arguments": "C:\\Users\\ahrPo\\AppData\\Local\\Programs\\Python\\Python37\\Scripts\\mlagents-learn Config\\ppo.yaml --run-id=anchorsCorrected --resume",
        "mlagents_version": "0.23.0",
        "mlagents_envs_version": "0.23.0",
        "communication_protocol_version": "1.3.0",
        "pytorch_version": "1.7.1+cu110",
        "numpy_version": "1.19.5",
        "end_time_seconds": "1618083018"
    },
    "total": 56.0746107,
    "count": 1,
    "self": 0.023083800000001986,
    "children": {
        "run_training.setup": {
            "total": 0.010867000000000182,
            "count": 1,
            "self": 0.010867000000000182
        },
        "TrainerController.start_learning": {
            "total": 56.0406599,
            "count": 1,
            "self": 0.03333089999998862,
            "children": {
                "TrainerController._reset_env": {
                    "total": 8.4275021,
                    "count": 1,
                    "self": 8.4275021
                },
                "TrainerController.advance": {
                    "total": 46.94083270000001,
                    "count": 420,
                    "self": 0.02120450000000318,
                    "children": {
                        "env_step": {
                            "total": 46.919628200000005,
                            "count": 420,
                            "self": 43.653925899999976,
                            "children": {
                                "SubprocessEnvManager._take_step": {
                                    "total": 3.259428200000034,
                                    "count": 420,
                                    "self": 0.027038100000012832,
                                    "children": {
                                        "TorchPolicy.evaluate": {
                                            "total": 3.2323901000000212,
                                            "count": 201,
                                            "self": 0.5244852999999754,
                                            "children": {
                                                "TorchPolicy.sample_actions": {
                                                    "total": 2.707904800000046,
                                                    "count": 201,
                                                    "self": 2.707904800000046
                                                }
                                            }
                                        }
                                    }
                                },
                                "workers": {
                                    "total": 0.0062740999999917335,
                                    "count": 419,
                                    "self": 0.0,
                                    "children": {
                                        "worker_root": {
                                            "total": 48.78797679999998,
                                            "count": 419,
                                            "is_parallel": true,
                                            "self": 6.637777099999944,
                                            "children": {
                                                "steps_from_proto": {
                                                    "total": 0.002346199999999854,
                                                    "count": 1,
                                                    "is_parallel": true,
                                                    "self": 0.00030529999999995283,
                                                    "children": {
                                                        "_process_vector_observation": {
                                                            "total": 0.002040899999999901,
                                                            "count": 4,
                                                            "is_parallel": true,
                                                            "self": 0.002040899999999901
                                                        }
                                                    }
                                                },
                                                "UnityEnvironment.step": {
                                                    "total": 42.14785350000004,
                                                    "count": 419,
                                                    "is_parallel": true,
                                                    "self": 0.15877040000012954,
                                                    "children": {
                                                        "UnityEnvironment._generate_step_input": {
                                                            "total": 0.24872370000003663,
                                                            "count": 419,
                                                            "is_parallel": true,
                                                            "self": 0.24872370000003663
                                                        },
                                                        "communicator.exchange": {
                                                            "total": 40.84142079999994,
                                                            "count": 419,
                                                            "is_parallel": true,
                                                            "self": 40.84142079999994
                                                        },
                                                        "steps_from_proto": {
                                                            "total": 0.8989385999999371,
                                                            "count": 419,
                                                            "is_parallel": true,
                                                            "self": 0.1024629999999469,
                                                            "children": {
                                                                "_process_vector_observation": {
                                                                    "total": 0.7964755999999902,
                                                                    "count": 1676,
                                                                    "is_parallel": true,
                                                                    "self": 0.7964755999999902
                                                                }
                                                            }
                                                        }
                                                    }
                                                }
                                            }
                                        }
                                    }
                                }
                            }
                        }
                    }
                },
                "trainer_threads": {
                    "total": 3.23000000008733e-05,
                    "count": 1,
                    "self": 3.23000000008733e-05,
                    "children": {
                        "thread_root": {
                            "total": 0.0,
                            "count": 0,
                            "is_parallel": true,
                            "self": 0.0,
                            "children": {
                                "trainer_advance": {
                                    "total": 46.88756959999985,